{
"meta":{"test_sets":[],"test_metrics":[],"learn_metrics":[{"best_value":"Min","name":"Logloss"}],"launch_mode":"Train","parameters":"","iteration_count":250,"learn_sets":["learn"],"name":"experiment"},
"iterations":[
{"learn":[0.5549569552],"iteration":0,"passed_time":0.4117650857,"remaining_time":102.5295063},
{"learn":[0.4547299339],"iteration":1,"passed_time":0.7788272614,"remaining_time":96.57458041},
{"learn":[0.3832355581],"iteration":2,"passed_time":1.150888064,"remaining_time":94.75645061},
{"learn":[0.3273631535],"iteration":3,"passed_time":1.50982888,"remaining_time":92.85447614},
{"learn":[0.2902721537],"iteration":4,"passed_time":1.872591204,"remaining_time":91.756969},
{"learn":[0.2554958216],"iteration":5,"passed_time":2.231394558,"remaining_time":90.74337867},
{"learn":[0.2392273734],"iteration":6,"passed_time":2.614749135,"remaining_time":90.76914855},
{"learn":[0.2184774207],"iteration":7,"passed_time":2.975187638,"remaining_time":89.99942605},
{"learn":[0.2031189305],"iteration":8,"passed_time":3.329444439,"remaining_time":89.15512331},
{"learn":[0.1934580812],"iteration":9,"passed_time":3.696071842,"remaining_time":88.70572421},
{"learn":[0.1833663334],"iteration":10,"passed_time":4.073007906,"remaining_time":88.4953536},
{"learn":[0.1764826803],"iteration":11,"passed_time":4.440668298,"remaining_time":88.07325458},
{"learn":[0.1720398123],"iteration":12,"passed_time":4.787377297,"remaining_time":87.27757073},
{"learn":[0.1654067992],"iteration":13,"passed_time":5.160062511,"remaining_time":86.98391089},
{"learn":[0.1622125417],"iteration":14,"passed_time":5.528874255,"remaining_time":86.61902999},
{"learn":[0.1576521068],"iteration":15,"passed_time":5.901115009,"remaining_time":86.30380701},
{"learn":[0.1565049156],"iteration":16,"passed_time":6.239952805,"remaining_time":85.52405903},
{"learn":[0.155200667],"iteration":17,"passed_time":6.597388648,"remaining_time":85.03300925},
{"learn":[0.1528704247],"iteration":18,"passed_time":6.973271697,"remaining_time":84.78030327},
{"learn":[0.1504334972],"iteration":19,"passed_time":7.329424644,"remaining_time":84.28838341},
{"learn":[0.1489196106],"iteration":20,"passed_time":7.68604901,"remaining_time":83.81453444},
{"learn":[0.1473883862],"iteration":21,"passed_time":8.062729601,"remaining_time":83.55919768},
{"learn":[0.1465355297],"iteration":22,"passed_time":8.439871746,"remaining_time":83.29786462},
{"learn":[0.1452658832],"iteration":23,"passed_time":8.808369225,"remaining_time":82.94547687},
{"learn":[0.143886458],"iteration":24,"passed_time":9.180936859,"remaining_time":82.62843173},
{"learn":[0.1422396621],"iteration":25,"passed_time":9.547203454,"remaining_time":82.25282975},
{"learn":[0.1412521601],"iteration":26,"passed_time":9.907039917,"remaining_time":81.82481117},
{"learn":[0.1399881494],"iteration":27,"passed_time":10.27608986,"remaining_time":81.47471244},
{"learn":[0.1393317326],"iteration":28,"passed_time":10.63385523,"remaining_time":81.03731055},
{"learn":[0.1389312998],"iteration":29,"passed_time":10.99058866,"remaining_time":80.5976502},
{"learn":[0.1382974661],"iteration":30,"passed_time":11.35735184,"remaining_time":80.23419523},
{"learn":[0.1375508507],"iteration":31,"passed_time":11.71532606,"remaining_time":79.81065881},
{"learn":[0.1367732259],"iteration":32,"passed_time":12.09404109,"remaining_time":79.52748234},
{"learn":[0.1364123305],"iteration":33,"passed_time":12.45086676,"remaining_time":79.09962411},
{"learn":[0.1358633721],"iteration":34,"passed_time":12.80797507,"remaining_time":78.67756114},
{"learn":[0.1353004912],"iteration":35,"passed_time":13.18556941,"remaining_time":78.38088485},
{"learn":[0.1348373395],"iteration":36,"passed_time":13.55641641,"remaining_time":78.04099177},
{"learn":[0.1332920899],"iteration":37,"passed_time":13.93393963,"remaining_time":77.73671584},
{"learn":[0.1329845135],"iteration":38,"passed_time":14.30103699,"remaining_time":77.37227706},
{"learn":[0.1323551688],"iteration":39,"passed_time":14.65732378,"remaining_time":76.95094986},
{"learn":[0.1319583869],"iteration":40,"passed_time":15.01470682,"remaining_time":76.53838354},
{"learn":[0.1316149377],"iteration":41,"passed_time":15.39410101,"remaining_time":76.23745262},
{"learn":[0.1310052013],"iteration":42,"passed_time":15.75927218,"remaining_time":75.86440331},
{"learn":[0.1307415301],"iteration":43,"passed_time":16.12618339,"remaining_time":75.4998586},
{"learn":[0.1296314084],"iteration":44,"passed_time":16.49656674,"remaining_time":75.15102624},
{"learn":[0.1291841869],"iteration":45,"passed_time":16.85083234,"remaining_time":74.72977819},
{"learn":[0.1288927469],"iteration":46,"passed_time":17.21719118,"remaining_time":74.36361297},
{"learn":[0.1284247456],"iteration":47,"passed_time":17.57911275,"remaining_time":73.97876617},
{"learn":[0.1281325437],"iteration":48,"passed_time":17.94110283,"remaining_time":73.59513612},
{"learn":[0.1275521616],"iteration":49,"passed_time":18.30721582,"remaining_time":73.22886326},
{"learn":[0.1271138078],"iteration":50,"passed_time":18.67824942,"remaining_time":72.88179676},
{"learn":[0.1265739364],"iteration":51,"passed_time":19.04781781,"remaining_time":72.52822934},
{"learn":[0.1263486451],"iteration":52,"passed_time":19.41425601,"remaining_time":72.16242326},
{"learn":[0.126137458],"iteration":53,"passed_time":19.77410241,"remaining_time":71.772668},
{"learn":[0.1255076998],"iteration":54,"passed_time":20.1479866,"remaining_time":71.43377067},
{"learn":[0.1252306753],"iteration":55,"passed_time":20.51974974,"remaining_time":71.08627588},
{"learn":[0.1248872012],"iteration":56,"passed_time":20.88712572,"remaining_time":70.72307481},
{"learn":[0.1243808445],"iteration":57,"passed_time":21.24149028,"remaining_time":70.31665749},
{"learn":[0.1239452323],"iteration":58,"passed_time":21.61010582,"remaining_time":69.95813919},
{"learn":[0.1235296665],"iteration":59,"passed_time":21.98037314,"remaining_time":69.60451496},
{"learn":[0.123317299],"iteration":60,"passed_time":22.34578251,"remaining_time":69.23529337},
{"learn":[0.1228279014],"iteration":61,"passed_time":22.71202823,"remaining_time":68.86873075},
{"learn":[0.1224906538],"iteration":62,"passed_time":23.08702901,"remaining_time":68.52816546},
{"learn":[0.1221449464],"iteration":63,"passed_time":23.45640542,"remaining_time":68.17017825},
{"learn":[0.1217453468],"iteration":64,"passed_time":23.83175294,"remaining_time":67.82883528},
{"learn":[0.1215394377],"iteration":65,"passed_time":24.19845761,"remaining_time":67.46236668},
{"learn":[0.1211774213],"iteration":66,"passed_time":24.57858939,"remaining_time":67.13256506},
{"learn":[0.1205081767],"iteration":67,"passed_time":24.94109822,"remaining_time":66.75411583},
{"learn":[0.1201725883],"iteration":68,"passed_time":25.3404466,"remaining_time":66.47276571},
{"learn":[0.1200729788],"iteration":69,"passed_time":25.71741397,"remaining_time":66.13049308},
{"learn":[0.1196947993],"iteration":70,"passed_time":26.07312476,"remaining_time":65.73365256},
{"learn":[0.1193914788],"iteration":71,"passed_time":26.44135592,"remaining_time":65.36890769},
{"learn":[0.1191173671],"iteration":72,"passed_time":26.79542179,"remaining_time":64.96972132},
{"learn":[0.1181134626],"iteration":73,"passed_time":27.15880438,"remaining_time":64.59391312},
{"learn":[0.1176421147],"iteration":74,"passed_time":27.53197377,"remaining_time":64.24127212},
{"learn":[0.1170792816],"iteration":75,"passed_time":27.89922507,"remaining_time":63.87454161},
{"learn":[0.1169557111],"iteration":76,"passed_time":28.25148901,"remaining_time":63.47412465},
{"learn":[0.1164936835],"iteration":77,"passed_time":28.63462669,"remaining_time":63.14302296},
{"learn":[0.1161270884],"iteration":78,"passed_time":28.99919109,"remaining_time":62.77040096},
{"learn":[0.1158073861],"iteration":79,"passed_time":29.3556256,"remaining_time":62.38070439},
{"learn":[0.1155169836],"iteration":80,"passed_time":29.7232363,"remaining_time":62.01514734},
{"learn":[0.1153105505],"iteration":81,"passed_time":30.08115502,"remaining_time":61.62968345},
{"learn":[0.1150601177],"iteration":82,"passed_time":30.43521603,"remaining_time":61.23712141},
{"learn":[0.114681034],"iteration":83,"passed_time":30.80237342,"remaining_time":60.87135699},
{"learn":[0.1145463353],"iteration":84,"passed_time":31.16733039,"remaining_time":60.5012884},
{"learn":[0.1143081668],"iteration":85,"passed_time":31.53128134,"remaining_time":60.12942024},
{"learn":[0.1140346891],"iteration":86,"passed_time":31.89844719,"remaining_time":59.76375738},
{"learn":[0.1133060134],"iteration":87,"passed_time":32.25531319,"remaining_time":59.37909928},
{"learn":[0.112712011],"iteration":88,"passed_time":32.63591072,"remaining_time":59.0379958},
{"learn":[0.1122455152],"iteration":89,"passed_time":33.01076295,"remaining_time":58.68580079},
{"learn":[0.1117840216],"iteration":90,"passed_time":33.36849225,"remaining_time":58.30318976},
{"learn":[0.1113178595],"iteration":91,"passed_time":33.73753269,"remaining_time":57.94054527},
{"learn":[0.1108131231],"iteration":92,"passed_time":34.13456604,"remaining_time":57.62502009},
{"learn":[0.1103424612],"iteration":93,"passed_time":34.51615705,"remaining_time":57.28213298},
{"learn":[0.1101043695],"iteration":94,"passed_time":34.91048882,"remaining_time":56.9592186},
{"learn":[0.1097474037],"iteration":95,"passed_time":35.27474165,"remaining_time":56.58656473},
{"learn":[0.1093669318],"iteration":96,"passed_time":35.63851056,"remaining_time":56.21332078},
{"learn":[0.1086280616],"iteration":97,"passed_time":36.01529884,"remaining_time":55.8604635},
{"learn":[0.1085346426],"iteration":98,"passed_time":36.36850898,"remaining_time":55.47116016},
{"learn":[0.1079068149],"iteration":99,"passed_time":36.72932917,"remaining_time":55.09399376},
{"learn":[0.1077188874],"iteration":100,"passed_time":37.08120702,"remaining_time":54.70395888},
{"learn":[0.1071996114],"iteration":101,"passed_time":37.44037773,"remaining_time":54.32525396},
{"learn":[0.1069893009],"iteration":102,"passed_time":37.79629337,"remaining_time":53.94228278},
{"learn":[0.1067306601],"iteration":103,"passed_time":38.15156063,"remaining_time":53.55892165},
{"learn":[0.1063470048],"iteration":104,"passed_time":38.52364571,"remaining_time":53.19932027},
{"learn":[0.1061719278],"iteration":105,"passed_time":38.89635577,"remaining_time":52.84033237},
{"learn":[0.1059067177],"iteration":106,"passed_time":39.25750314,"remaining_time":52.46563504},
{"learn":[0.1054285334],"iteration":107,"passed_time":39.61718695,"remaining_time":52.08926432},
{"learn":[0.1049002176],"iteration":108,"passed_time":40.01298698,"remaining_time":51.75991894},
{"learn":[0.1043586036],"iteration":109,"passed_time":40.40508274,"remaining_time":51.42465076},
{"learn":[0.1042373832],"iteration":110,"passed_time":40.78606418,"remaining_time":51.07444072},
{"learn":[0.1039191812],"iteration":111,"passed_time":41.16772523,"remaining_time":50.72451859},
{"learn":[0.103473818],"iteration":112,"passed_time":41.52288765,"remaining_time":50.34190803},
{"learn":[0.103260715],"iteration":113,"passed_time":41.90816169,"remaining_time":49.99570167},
{"learn":[0.1024591624],"iteration":114,"passed_time":42.27319171,"remaining_time":49.62505113},
{"learn":[0.1021925767],"iteration":115,"passed_time":42.62561699,"remaining_time":49.23993687},
{"learn":[0.102025773],"iteration":116,"passed_time":42.98224471,"remaining_time":48.86015851},
{"learn":[0.1018566898],"iteration":117,"passed_time":43.32687196,"remaining_time":48.46734829},
{"learn":[0.1017565372],"iteration":118,"passed_time":43.67738567,"remaining_time":48.08182792},
{"learn":[0.1013476661],"iteration":119,"passed_time":44.04797886,"remaining_time":47.71864377},
{"learn":[0.1012643474],"iteration":120,"passed_time":44.40241091,"remaining_time":47.3381075},
{"learn":[0.1007949882],"iteration":121,"passed_time":44.7574862,"remaining_time":46.95867404},
{"learn":[0.1005267073],"iteration":122,"passed_time":45.12031497,"remaining_time":46.58764229},
{"learn":[0.1001892547],"iteration":123,"passed_time":45.48405974,"remaining_time":46.21767361},
{"learn":[0.09998591644],"iteration":124,"passed_time":45.84100772,"remaining_time":45.84100772},
{"learn":[0.09982482156],"iteration":125,"passed_time":46.20648676,"remaining_time":45.47305046},
{"learn":[0.09918805278],"iteration":126,"passed_time":46.59142133,"remaining_time":45.12397499},
{"learn":[0.09903355701],"iteration":127,"passed_time":46.95361713,"remaining_time":44.75266633},
{"learn":[0.09876141893],"iteration":128,"passed_time":47.31119055,"remaining_time":44.37716323},
{"learn":[0.09839566668],"iteration":129,"passed_time":47.68813191,"remaining_time":44.01981407},
{"learn":[0.0982537509],"iteration":130,"passed_time":48.06105518,"remaining_time":43.65851578},
{"learn":[0.09788031173],"iteration":131,"passed_time":48.42712408,"remaining_time":43.29091395},
{"learn":[0.09768549138],"iteration":132,"passed_time":48.78405674,"remaining_time":42.91529803},
{"learn":[0.09755118973],"iteration":133,"passed_time":49.15391207,"remaining_time":42.55114776},
{"learn":[0.0971788677],"iteration":134,"passed_time":49.5168866,"remaining_time":42.18105155},
{"learn":[0.09703823422],"iteration":135,"passed_time":49.86607323,"remaining_time":41.79950256},
{"learn":[0.0969606917],"iteration":136,"passed_time":50.2254762,"remaining_time":41.42685263},
{"learn":[0.0967173221],"iteration":137,"passed_time":50.57820482,"remaining_time":41.04897783},
{"learn":[0.09664639566],"iteration":138,"passed_time":50.93028932,"remaining_time":40.67095046},
{"learn":[0.0965457921],"iteration":139,"passed_time":51.28462568,"remaining_time":40.29506303},
{"learn":[0.09636721764],"iteration":140,"passed_time":51.64011721,"remaining_time":39.92037429},
{"learn":[0.0960855935],"iteration":141,"passed_time":52.00652436,"remaining_time":39.55425796},
{"learn":[0.09592386472],"iteration":142,"passed_time":52.37825024,"remaining_time":39.19211731},
{"learn":[0.09522294922],"iteration":143,"passed_time":52.74389519,"remaining_time":38.82536729},
{"learn":[0.09512251028],"iteration":144,"passed_time":53.09153806,"remaining_time":38.44559653},
{"learn":[0.09484130194],"iteration":145,"passed_time":53.46223379,"remaining_time":38.08268708},
{"learn":[0.09461443098],"iteration":146,"passed_time":53.82221863,"remaining_time":37.71216679},
{"learn":[0.09392313459],"iteration":147,"passed_time":54.19743493,"remaining_time":37.35228623},
{"learn":[0.09370570277],"iteration":148,"passed_time":54.56382746,"remaining_time":36.98621862},
{"learn":[0.09365798706],"iteration":149,"passed_time":54.92357921,"remaining_time":36.61571947},
{"learn":[0.09337803242],"iteration":150,"passed_time":55.28982392,"remaining_time":36.24961966},
{"learn":[0.09314404069],"iteration":151,"passed_time":55.64252491,"remaining_time":35.8747858},
{"learn":[0.09308180093],"iteration":152,"passed_time":55.99987171,"remaining_time":35.50318664},
{"learn":[0.09303879743],"iteration":153,"passed_time":56.36540791,"remaining_time":35.13687766},
{"learn":[0.09268073701],"iteration":154,"passed_time":56.73580298,"remaining_time":34.77355667},
{"learn":[0.09251272003],"iteration":155,"passed_time":57.09825142,"remaining_time":34.40535662},
{"learn":[0.09231577438],"iteration":156,"passed_time":57.46202245,"remaining_time":34.0380133},
{"learn":[0.0921834059],"iteration":157,"passed_time":57.8252559,"remaining_time":33.67040217},
{"learn":[0.09198702701],"iteration":158,"passed_time":58.20546727,"remaining_time":33.31256303},
{"learn":[0.09187811902],"iteration":159,"passed_time":58.59042553,"remaining_time":32.95711436},
{"learn":[0.09176129412],"iteration":160,"passed_time":58.95052645,"remaining_time":32.5875581},
{"learn":[0.09160550603],"iteration":161,"passed_time":59.31357631,"remaining_time":32.21972046},
{"learn":[0.09147045435],"iteration":162,"passed_time":59.6716287,"remaining_time":31.84927422},
{"learn":[0.09109155438],"iteration":163,"passed_time":60.02568598,"remaining_time":31.47688411},
{"learn":[0.09097203188],"iteration":164,"passed_time":60.38020761,"remaining_time":31.10495544},
{"learn":[0.0907522165],"iteration":165,"passed_time":60.75053681,"remaining_time":30.7412355},
{"learn":[0.09067779063],"iteration":166,"passed_time":61.11038115,"remaining_time":30.37222536},
{"learn":[0.09059470703],"iteration":167,"passed_time":61.46893346,"remaining_time":30.00269371},
{"learn":[0.09026626777],"iteration":168,"passed_time":61.83058601,"remaining_time":29.63477791},
{"learn":[0.08998121376],"iteration":169,"passed_time":62.19015002,"remaining_time":29.26595295},
{"learn":[0.08939048356],"iteration":170,"passed_time":62.56049504,"remaining_time":28.90221701},
{"learn":[0.08919047899],"iteration":171,"passed_time":62.91111089,"remaining_time":28.52945727},
{"learn":[0.08893540458],"iteration":172,"passed_time":63.26294987,"remaining_time":28.15749792},
{"learn":[0.08860198937],"iteration":173,"passed_time":63.62361935,"remaining_time":27.78962684},
{"learn":[0.08823493855],"iteration":174,"passed_time":63.99220406,"remaining_time":27.42523031},
{"learn":[0.08808145373],"iteration":175,"passed_time":64.34391365,"remaining_time":27.05369097},
{"learn":[0.08794021129],"iteration":176,"passed_time":64.69587005,"remaining_time":26.68247748},
{"learn":[0.08776199902],"iteration":177,"passed_time":65.05079114,"remaining_time":26.31267956},
{"learn":[0.08741741304],"iteration":178,"passed_time":65.40443219,"remaining_time":25.94254014},
{"learn":[0.08693821292],"iteration":179,"passed_time":65.79041564,"remaining_time":25.58516164},
{"learn":[0.08687196955],"iteration":180,"passed_time":66.14714548,"remaining_time":25.21631513},
{"learn":[0.08646034327],"iteration":181,"passed_time":66.51883703,"remaining_time":24.85319186},
{"learn":[0.08624033281],"iteration":182,"passed_time":66.88941967,"remaining_time":24.48956895},
{"learn":[0.08613374652],"iteration":183,"passed_time":67.23775851,"remaining_time":24.11789164},
{"learn":[0.08592049596],"iteration":184,"passed_time":67.60161699,"remaining_time":23.75191948},
{"learn":[0.08561840464],"iteration":185,"passed_time":67.96000419,"remaining_time":23.38408746},
{"learn":[0.08554524343],"iteration":186,"passed_time":68.31058596,"remaining_time":23.01372682},
{"learn":[0.08549396661],"iteration":187,"passed_time":68.68355857,"remaining_time":22.65096081},
{"learn":[0.08534015254],"iteration":188,"passed_time":69.03490023,"remaining_time":22.28110537},
{"learn":[0.08521130045],"iteration":189,"passed_time":69.37971555,"remaining_time":21.90938386},
{"learn":[0.08513053767],"iteration":190,"passed_time":69.73414814,"remaining_time":21.54091487},
{"learn":[0.08508802982],"iteration":191,"passed_time":70.09303681,"remaining_time":21.1739382},
{"learn":[0.08481266732],"iteration":192,"passed_time":70.44271099,"remaining_time":20.80432397},
{"learn":[0.08456221794],"iteration":193,"passed_time":70.8128362,"remaining_time":20.4408187},
{"learn":[0.08400609309],"iteration":194,"passed_time":71.18779319,"remaining_time":20.07860834},
{"learn":[0.08389478681],"iteration":195,"passed_time":71.53559847,"remaining_time":19.70878733},
{"learn":[0.08383118203],"iteration":196,"passed_time":71.89379735,"remaining_time":19.34198609},
{"learn":[0.0836772619],"iteration":197,"passed_time":72.25060058,"remaining_time":18.9749052},
{"learn":[0.08333578477],"iteration":198,"passed_time":72.6020816,"remaining_time":18.60656363},
{"learn":[0.0832434539],"iteration":199,"passed_time":72.96065083,"remaining_time":18.24016271},
{"learn":[0.08284819242],"iteration":200,"passed_time":73.32019742,"remaining_time":17.87407798},
{"learn":[0.08276635702],"iteration":201,"passed_time":73.67224246,"remaining_time":17.50627544},
{"learn":[0.08255386938],"iteration":202,"passed_time":74.03696014,"remaining_time":17.1415622},
{"learn":[0.08225749045],"iteration":203,"passed_time":74.39313177,"remaining_time":16.77492187},
{"learn":[0.082158539],"iteration":204,"passed_time":74.74896717,"remaining_time":16.40830987},
{"learn":[0.08200055485],"iteration":205,"passed_time":75.10030477,"remaining_time":16.0408418},
{"learn":[0.08183117608],"iteration":206,"passed_time":75.46712965,"remaining_time":15.67674674},
{"learn":[0.08175783454],"iteration":207,"passed_time":75.83029181,"remaining_time":15.31188585},
{"learn":[0.08166977943],"iteration":208,"passed_time":76.18383907,"remaining_time":14.94515503},
{"learn":[0.0815662486],"iteration":209,"passed_time":76.53373974,"remaining_time":14.57785519},
{"learn":[0.08147667112],"iteration":210,"passed_time":76.88923822,"remaining_time":14.21175493},
{"learn":[0.08134518777],"iteration":211,"passed_time":77.24128618,"remaining_time":13.8451362},
{"learn":[0.08097458737],"iteration":212,"passed_time":77.59980884,"remaining_time":13.479779},
{"learn":[0.08079241335],"iteration":213,"passed_time":77.96603241,"remaining_time":13.11578115},
{"learn":[0.08063870292],"iteration":214,"passed_time":78.30675678,"remaining_time":12.74761157},
{"learn":[0.08040901858],"iteration":215,"passed_time":78.64893457,"remaining_time":12.37992489},
{"learn":[0.08035125519],"iteration":216,"passed_time":79.01123259,"remaining_time":12.01553307},
{"learn":[0.08027735193],"iteration":217,"passed_time":79.36009097,"remaining_time":11.64918766},
{"learn":[0.08012834556],"iteration":218,"passed_time":79.70766943,"remaining_time":11.28282079},
{"learn":[0.07992903354],"iteration":219,"passed_time":80.0664714,"remaining_time":10.91815519},
{"learn":[0.07977978646],"iteration":220,"passed_time":80.40862127,"remaining_time":10.55135754},
{"learn":[0.07962140379],"iteration":221,"passed_time":80.75785315,"remaining_time":10.18567517},
{"learn":[0.07955378806],"iteration":222,"passed_time":81.11584447,"remaining_time":9.8212009},
{"learn":[0.07943751068],"iteration":223,"passed_time":81.46746423,"remaining_time":9.456044955},
{"learn":[0.07910778171],"iteration":224,"passed_time":81.82283752,"remaining_time":9.091426391},
{"learn":[0.07877670666],"iteration":225,"passed_time":82.18739483,"remaining_time":8.727864938},
{"learn":[0.0787110792],"iteration":226,"passed_time":82.5372421,"remaining_time":8.362804266},
{"learn":[0.07845264279],"iteration":227,"passed_time":82.89236315,"remaining_time":7.998385918},
{"learn":[0.07835441159],"iteration":228,"passed_time":83.25550617,"remaining_time":7.634784408},
{"learn":[0.07829789206],"iteration":229,"passed_time":83.61381135,"remaining_time":7.270766205},
{"learn":[0.07820966061],"iteration":230,"passed_time":83.97095157,"remaining_time":6.906701644},
{"learn":[0.07797408089],"iteration":231,"passed_time":84.33664051,"remaining_time":6.543360039},
{"learn":[0.07790079616],"iteration":232,"passed_time":84.68579892,"remaining_time":6.178792196},
{"learn":[0.0775951921],"iteration":233,"passed_time":85.05121272,"remaining_time":5.815467537},
{"learn":[0.0775224593],"iteration":234,"passed_time":85.41415116,"remaining_time":5.451967095},
{"learn":[0.0773422741],"iteration":235,"passed_time":85.77156376,"remaining_time":5.088143613},
{"learn":[0.07722547],"iteration":236,"passed_time":86.12930934,"remaining_time":4.724392496},
{"learn":[0.07711668214],"iteration":237,"passed_time":86.47755658,"remaining_time":4.360212937},
{"learn":[0.07702721053],"iteration":238,"passed_time":86.83309316,"remaining_time":3.996502196},
{"learn":[0.0769663904],"iteration":239,"passed_time":87.20098411,"remaining_time":3.633374338},
{"learn":[0.0768835124],"iteration":240,"passed_time":87.55189601,"remaining_time":3.26957288},
{"learn":[0.0767008449],"iteration":241,"passed_time":87.89672033,"remaining_time":2.905676705},
{"learn":[0.07665264175],"iteration":242,"passed_time":88.25581882,"remaining_time":2.54234869},
{"learn":[0.07613529721],"iteration":243,"passed_time":88.63461628,"remaining_time":2.179539744},
{"learn":[0.07607101472],"iteration":244,"passed_time":89.01576029,"remaining_time":1.816648169},
{"learn":[0.07598060501],"iteration":245,"passed_time":89.38961475,"remaining_time":1.453489671},
{"learn":[0.07581070052],"iteration":246,"passed_time":89.74714049,"remaining_time":1.090046241},
{"learn":[0.07576788191],"iteration":247,"passed_time":90.10988796,"remaining_time":0.7266926449},
{"learn":[0.07568314375],"iteration":248,"passed_time":90.46682448,"remaining_time":0.3633205802},
{"learn":[0.07533057073],"iteration":249,"passed_time":90.8213792,"remaining_time":0}
]}