{
"meta":{"test_sets":[],"test_metrics":[],"learn_metrics":[{"best_value":"Min","name":"Logloss"}],"launch_mode":"Train","parameters":"","iteration_count":250,"learn_sets":["learn"],"name":"experiment"},
"iterations":[
{"learn":[0.6188978791],"iteration":0,"passed_time":0.3574159167,"remaining_time":88.99656326},
{"learn":[0.5439217944],"iteration":1,"passed_time":0.5844900166,"remaining_time":72.47676205},
{"learn":[0.4894581279],"iteration":2,"passed_time":0.8126474149,"remaining_time":66.90797049},
{"learn":[0.4438967571],"iteration":3,"passed_time":1.052089528,"remaining_time":64.70350597},
{"learn":[0.4038940883],"iteration":4,"passed_time":1.283990595,"remaining_time":62.91553915},
{"learn":[0.3703269294],"iteration":5,"passed_time":1.512918426,"remaining_time":61.52534934},
{"learn":[0.34147817],"iteration":6,"passed_time":1.737416614,"remaining_time":60.31317674},
{"learn":[0.3161713657],"iteration":7,"passed_time":1.961485885,"remaining_time":59.33494802},
{"learn":[0.2911783068],"iteration":8,"passed_time":2.199058597,"remaining_time":58.88590244},
{"learn":[0.2726562459],"iteration":9,"passed_time":2.429429067,"remaining_time":58.30629761},
{"learn":[0.2566057596],"iteration":10,"passed_time":2.653755579,"remaining_time":57.65887122},
{"learn":[0.2412045749],"iteration":11,"passed_time":2.872738974,"remaining_time":56.97598966},
{"learn":[0.2291674858],"iteration":12,"passed_time":3.106142232,"remaining_time":56.62736222},
{"learn":[0.2142239876],"iteration":13,"passed_time":3.334531044,"remaining_time":56.21066618},
{"learn":[0.2053526569],"iteration":14,"passed_time":3.559913109,"remaining_time":55.77197205},
{"learn":[0.194104086],"iteration":15,"passed_time":3.794579162,"remaining_time":55.49572024},
{"learn":[0.1865040327],"iteration":16,"passed_time":4.028044775,"remaining_time":55.2079078},
{"learn":[0.1759794241],"iteration":17,"passed_time":4.286869462,"remaining_time":55.25298418},
{"learn":[0.1672987136],"iteration":18,"passed_time":4.530264957,"remaining_time":55.07848447},
{"learn":[0.1609406844],"iteration":19,"passed_time":4.763359762,"remaining_time":54.77863727},
{"learn":[0.1564609515],"iteration":20,"passed_time":4.991107102,"remaining_time":54.42683459},
{"learn":[0.153175431],"iteration":21,"passed_time":5.227700551,"remaining_time":54.17798753},
{"learn":[0.1484271442],"iteration":22,"passed_time":5.451831275,"remaining_time":53.80720432},
{"learn":[0.1430000459],"iteration":23,"passed_time":5.678028552,"remaining_time":53.4681022},
{"learn":[0.1397313527],"iteration":24,"passed_time":5.903775882,"remaining_time":53.13398294},
{"learn":[0.1371577914],"iteration":25,"passed_time":6.130504684,"remaining_time":52.81665574},
{"learn":[0.1348253297],"iteration":26,"passed_time":6.361669026,"remaining_time":52.5426738},
{"learn":[0.1321745142],"iteration":27,"passed_time":6.590016803,"remaining_time":52.24941894},
{"learn":[0.1286433252],"iteration":28,"passed_time":6.82249967,"remaining_time":51.99215266},
{"learn":[0.1251310683],"iteration":29,"passed_time":7.047189301,"remaining_time":51.6793882},
{"learn":[0.12278619],"iteration":30,"passed_time":7.283824645,"remaining_time":51.45669669},
{"learn":[0.1211399975],"iteration":31,"passed_time":7.523291082,"remaining_time":51.2524205},
{"learn":[0.1201440405],"iteration":32,"passed_time":7.747248022,"remaining_time":50.94402487},
{"learn":[0.1183868735],"iteration":33,"passed_time":7.975640297,"remaining_time":50.66877365},
{"learn":[0.1154660605],"iteration":34,"passed_time":8.20064443,"remaining_time":50.37538722},
{"learn":[0.1142900033],"iteration":35,"passed_time":8.454704831,"remaining_time":50.25852316},
{"learn":[0.1119870113],"iteration":36,"passed_time":8.681496093,"remaining_time":49.97726129},
{"learn":[0.111578904],"iteration":37,"passed_time":8.904924424,"remaining_time":49.68010468},
{"learn":[0.110336555],"iteration":38,"passed_time":9.128903415,"remaining_time":49.38970822},
{"learn":[0.1092759842],"iteration":39,"passed_time":9.36765153,"remaining_time":49.18017053},
{"learn":[0.1076084727],"iteration":40,"passed_time":9.606216103,"remaining_time":48.96827233},
{"learn":[0.1072887657],"iteration":41,"passed_time":9.834869356,"remaining_time":48.70601967},
{"learn":[0.10679429],"iteration":42,"passed_time":10.06047322,"remaining_time":48.43065016},
{"learn":[0.1063950348],"iteration":43,"passed_time":10.29534196,"remaining_time":48.20091916},
{"learn":[0.1056474434],"iteration":44,"passed_time":10.52190817,"remaining_time":47.93313723},
{"learn":[0.1044173557],"iteration":45,"passed_time":10.75234031,"remaining_time":47.68429179},
{"learn":[0.1037213386],"iteration":46,"passed_time":10.97904508,"remaining_time":47.42013087},
{"learn":[0.1033316899],"iteration":47,"passed_time":11.20690797,"remaining_time":47.16240437},
{"learn":[0.1026852567],"iteration":48,"passed_time":11.44425938,"remaining_time":46.9448191},
{"learn":[0.1023964883],"iteration":49,"passed_time":11.67265361,"remaining_time":46.69061445},
{"learn":[0.1021192732],"iteration":50,"passed_time":11.89966981,"remaining_time":46.43204495},
{"learn":[0.1009272612],"iteration":51,"passed_time":12.12330412,"remaining_time":46.16181183},
{"learn":[0.1003376778],"iteration":52,"passed_time":12.35582651,"remaining_time":45.92637402},
{"learn":[0.09900783532],"iteration":53,"passed_time":12.57676998,"remaining_time":45.64901698},
{"learn":[0.09820691108],"iteration":54,"passed_time":12.80862397,"remaining_time":45.41239409},
{"learn":[0.09734693664],"iteration":55,"passed_time":13.03578702,"remaining_time":45.15969073},
{"learn":[0.09709607695],"iteration":56,"passed_time":13.26606352,"remaining_time":44.91842561},
{"learn":[0.09622830424],"iteration":57,"passed_time":13.49933428,"remaining_time":44.6874514},
{"learn":[0.09541189497],"iteration":58,"passed_time":13.72695867,"remaining_time":44.43812045},
{"learn":[0.09457717147],"iteration":59,"passed_time":13.97936258,"remaining_time":44.2679815},
{"learn":[0.09388942027],"iteration":60,"passed_time":14.20280342,"remaining_time":44.00540732},
{"learn":[0.09324121878],"iteration":61,"passed_time":14.43808846,"remaining_time":43.78001018},
{"learn":[0.09210680674],"iteration":62,"passed_time":14.66414873,"remaining_time":43.52691765},
{"learn":[0.09050313351],"iteration":63,"passed_time":14.89366211,"remaining_time":43.2847055},
{"learn":[0.09035289186],"iteration":64,"passed_time":15.12119914,"remaining_time":43.0372591},
{"learn":[0.08994717663],"iteration":65,"passed_time":15.35364139,"remaining_time":42.80409115},
{"learn":[0.08946001512],"iteration":66,"passed_time":15.58992557,"remaining_time":42.58143848},
{"learn":[0.08926407434],"iteration":67,"passed_time":15.80943137,"remaining_time":42.31347808},
{"learn":[0.08894581278],"iteration":68,"passed_time":16.0443751,"remaining_time":42.08741875},
{"learn":[0.08830038108],"iteration":69,"passed_time":16.26471153,"remaining_time":41.82354392},
{"learn":[0.08758884162],"iteration":70,"passed_time":16.49726863,"remaining_time":41.59170542},
{"learn":[0.087284108],"iteration":71,"passed_time":16.72725072,"remaining_time":41.35348094},
{"learn":[0.08667653348],"iteration":72,"passed_time":16.95558071,"remaining_time":41.11147652},
{"learn":[0.08580303681],"iteration":73,"passed_time":17.19274966,"remaining_time":40.89086405},
{"learn":[0.08537796005],"iteration":74,"passed_time":17.43281631,"remaining_time":40.6765714},
{"learn":[0.08517344191],"iteration":75,"passed_time":17.67028735,"remaining_time":40.45565788},
{"learn":[0.08500014279],"iteration":76,"passed_time":17.9043918,"remaining_time":40.22675041},
{"learn":[0.08457489747],"iteration":77,"passed_time":18.14016887,"remaining_time":40.00139802},
{"learn":[0.08431539087],"iteration":78,"passed_time":18.36021596,"remaining_time":39.74173328},
{"learn":[0.08416656272],"iteration":79,"passed_time":18.59575998,"remaining_time":39.51598995},
{"learn":[0.08399656423],"iteration":80,"passed_time":18.83315122,"remaining_time":39.29385872},
{"learn":[0.08358879539],"iteration":81,"passed_time":19.06783544,"remaining_time":39.06580919},
{"learn":[0.08309479008],"iteration":82,"passed_time":19.30010745,"remaining_time":38.83274631},
{"learn":[0.08289330363],"iteration":83,"passed_time":19.53025193,"remaining_time":38.59549786},
{"learn":[0.08276193653],"iteration":84,"passed_time":19.76084512,"remaining_time":38.35928759},
{"learn":[0.08254933874],"iteration":85,"passed_time":20.00153894,"remaining_time":38.14246961},
{"learn":[0.08227559653],"iteration":86,"passed_time":20.23017735,"remaining_time":37.90251619},
{"learn":[0.0819767279],"iteration":87,"passed_time":20.46333614,"remaining_time":37.67114153},
{"learn":[0.0817377857],"iteration":88,"passed_time":20.70203131,"remaining_time":37.44974202},
{"learn":[0.08124686267],"iteration":89,"passed_time":20.93137256,"remaining_time":37.211329},
{"learn":[0.08095774783],"iteration":90,"passed_time":21.15376481,"remaining_time":36.96097367},
{"learn":[0.08048960384],"iteration":91,"passed_time":21.38209435,"remaining_time":36.7214229},
{"learn":[0.07992455337],"iteration":92,"passed_time":21.61987374,"remaining_time":36.49806642},
{"learn":[0.07963536534],"iteration":93,"passed_time":21.85670011,"remaining_time":36.27282146},
{"learn":[0.0794538276],"iteration":94,"passed_time":22.08740907,"remaining_time":36.03735163},
{"learn":[0.07933670135],"iteration":95,"passed_time":22.33238845,"remaining_time":35.82487313},
{"learn":[0.07927690484],"iteration":96,"passed_time":22.56238628,"remaining_time":35.58809382},
{"learn":[0.0788261036],"iteration":97,"passed_time":22.79144616,"remaining_time":35.34999812},
{"learn":[0.07874971381],"iteration":98,"passed_time":23.03041989,"remaining_time":35.1272061},
{"learn":[0.07856427406],"iteration":99,"passed_time":23.26082633,"remaining_time":34.89123949},
{"learn":[0.07840529855],"iteration":100,"passed_time":23.49079618,"remaining_time":34.65473892},
{"learn":[0.07804351447],"iteration":101,"passed_time":23.742865,"remaining_time":34.45043156},
{"learn":[0.07799734221],"iteration":102,"passed_time":23.98103176,"remaining_time":34.225356},
{"learn":[0.07777536348],"iteration":103,"passed_time":24.21047499,"remaining_time":33.98778219},
{"learn":[0.07737179631],"iteration":104,"passed_time":24.44287274,"remaining_time":33.75444331},
{"learn":[0.07729243206],"iteration":105,"passed_time":24.68113364,"remaining_time":33.52908721},
{"learn":[0.0772260366],"iteration":106,"passed_time":24.74341346,"remaining_time":33.06830023},
{"learn":[0.07712599579],"iteration":107,"passed_time":24.96547086,"remaining_time":32.82497095},
{"learn":[0.07699293488],"iteration":108,"passed_time":25.19631385,"remaining_time":32.59339681},
{"learn":[0.07657404465],"iteration":109,"passed_time":25.42320672,"remaining_time":32.35680855},
{"learn":[0.07644644688],"iteration":110,"passed_time":25.66627269,"remaining_time":32.14064778},
{"learn":[0.07613633368],"iteration":111,"passed_time":25.88706558,"remaining_time":31.89656294},
{"learn":[0.07578588941],"iteration":112,"passed_time":26.11878228,"remaining_time":31.66613427},
{"learn":[0.07567665985],"iteration":113,"passed_time":26.3456024,"remaining_time":31.42984146},
{"learn":[0.07559397384],"iteration":114,"passed_time":26.57782705,"remaining_time":31.20005785},
{"learn":[0.07528538836],"iteration":115,"passed_time":26.81344196,"remaining_time":30.97414847},
{"learn":[0.07505792934],"iteration":116,"passed_time":27.03776288,"remaining_time":30.73523473},
{"learn":[0.07485508825],"iteration":117,"passed_time":27.2674252,"remaining_time":30.50254344},
{"learn":[0.07475035274],"iteration":118,"passed_time":27.49053093,"remaining_time":30.26268531},
{"learn":[0.0741616611],"iteration":119,"passed_time":27.73030396,"remaining_time":30.04116263},
{"learn":[0.07401477297],"iteration":120,"passed_time":27.9515999,"remaining_time":29.79963956},
{"learn":[0.07368465692],"iteration":121,"passed_time":28.17939977,"remaining_time":29.56527189},
{"learn":[0.07358282254],"iteration":122,"passed_time":28.40297017,"remaining_time":29.326644},
{"learn":[0.07337082534],"iteration":123,"passed_time":28.63095508,"remaining_time":29.09274467},
{"learn":[0.07319155409],"iteration":124,"passed_time":28.86429165,"remaining_time":28.86429165},
{"learn":[0.07290700153],"iteration":125,"passed_time":29.09431862,"remaining_time":28.63250404},
{"learn":[0.0726598382],"iteration":126,"passed_time":29.32176993,"remaining_time":28.39824961},
{"learn":[0.07255963472],"iteration":127,"passed_time":29.5422691,"remaining_time":28.15747523},
{"learn":[0.07245075564],"iteration":128,"passed_time":29.77867233,"remaining_time":27.93193296},
{"learn":[0.07203150913],"iteration":129,"passed_time":30.00036674,"remaining_time":27.69264622},
{"learn":[0.07171247127],"iteration":130,"passed_time":30.22785013,"remaining_time":27.45888676},
{"learn":[0.07129959585],"iteration":131,"passed_time":30.45564383,"remaining_time":27.22549978},
{"learn":[0.07114890873],"iteration":132,"passed_time":30.67617389,"remaining_time":26.9858071},
{"learn":[0.07098200474],"iteration":133,"passed_time":30.90811239,"remaining_time":26.7562764},
{"learn":[0.0709290862],"iteration":134,"passed_time":31.02609111,"remaining_time":26.42963317},
{"learn":[0.07082908775],"iteration":135,"passed_time":31.2528067,"remaining_time":26.19720562},
{"learn":[0.07078578808],"iteration":136,"passed_time":31.48894668,"remaining_time":25.97263486},
{"learn":[0.07062303612],"iteration":137,"passed_time":31.71971717,"remaining_time":25.74353857},
{"learn":[0.07054384414],"iteration":138,"passed_time":31.95128697,"remaining_time":25.5150565},
{"learn":[0.07044069752],"iteration":139,"passed_time":32.18135746,"remaining_time":25.28535229},
{"learn":[0.07023948977],"iteration":140,"passed_time":32.40985747,"remaining_time":25.05442882},
{"learn":[0.07012737477],"iteration":141,"passed_time":32.63473483,"remaining_time":24.82078424},
{"learn":[0.06965809005],"iteration":142,"passed_time":32.8702519,"remaining_time":24.59522345},
{"learn":[0.06948694948],"iteration":143,"passed_time":33.10274916,"remaining_time":24.36730146},
{"learn":[0.06937195824],"iteration":144,"passed_time":33.32812852,"remaining_time":24.13416203},
{"learn":[0.06891154416],"iteration":145,"passed_time":33.55253258,"remaining_time":23.90043417},
{"learn":[0.06819037504],"iteration":146,"passed_time":33.77928569,"remaining_time":23.66847909},
{"learn":[0.06810665181],"iteration":147,"passed_time":34.01203276,"remaining_time":23.44072528},
{"learn":[0.06800582292],"iteration":148,"passed_time":34.2387217,"remaining_time":23.20879793},
{"learn":[0.06788913099],"iteration":149,"passed_time":34.46348454,"remaining_time":22.97565636},
{"learn":[0.06762494819],"iteration":150,"passed_time":34.70757085,"remaining_time":22.7552948},
{"learn":[0.06716285196],"iteration":151,"passed_time":34.95091116,"remaining_time":22.53414009},
{"learn":[0.06699171145],"iteration":152,"passed_time":35.19401806,"remaining_time":22.3125474},
{"learn":[0.06684045693],"iteration":153,"passed_time":35.42654533,"remaining_time":22.08408021},
{"learn":[0.06627863968],"iteration":154,"passed_time":35.6594533,"remaining_time":21.85579396},
{"learn":[0.06593028886],"iteration":155,"passed_time":35.88398669,"remaining_time":21.62240224},
{"learn":[0.06580737613],"iteration":156,"passed_time":36.11619499,"remaining_time":21.39366964},
{"learn":[0.06545431127],"iteration":157,"passed_time":36.34454907,"remaining_time":21.16264883},
{"learn":[0.06524278591],"iteration":158,"passed_time":36.57995094,"remaining_time":20.93569519},
{"learn":[0.06486252929],"iteration":159,"passed_time":36.81148017,"remaining_time":20.70645759},
{"learn":[0.06478591068],"iteration":160,"passed_time":37.04401967,"remaining_time":20.47775001},
{"learn":[0.06448490113],"iteration":161,"passed_time":37.2683458,"remaining_time":20.24453352},
{"learn":[0.06423229984],"iteration":162,"passed_time":37.49684465,"remaining_time":20.01365328},
{"learn":[0.06376038568],"iteration":163,"passed_time":37.72423671,"remaining_time":19.78222169},
{"learn":[0.06366510969],"iteration":164,"passed_time":37.95379076,"remaining_time":19.55195282},
{"learn":[0.06346168961],"iteration":165,"passed_time":38.19279113,"remaining_time":19.32647262},
{"learn":[0.06336375673],"iteration":166,"passed_time":38.42094097,"remaining_time":19.09543773},
{"learn":[0.06293905476],"iteration":167,"passed_time":38.65252871,"remaining_time":18.86611521},
{"learn":[0.0626181233],"iteration":168,"passed_time":38.87129743,"remaining_time":18.63062185},
{"learn":[0.06250759645],"iteration":169,"passed_time":39.10750146,"remaining_time":18.4035301},
{"learn":[0.06220037873],"iteration":170,"passed_time":39.33046917,"remaining_time":18.17021675},
{"learn":[0.06212294346],"iteration":171,"passed_time":39.55842402,"remaining_time":17.93928531},
{"learn":[0.06195426651],"iteration":172,"passed_time":39.78531161,"remaining_time":17.70791326},
{"learn":[0.06185854419],"iteration":173,"passed_time":40.01717467,"remaining_time":17.47876595},
{"learn":[0.06181733729],"iteration":174,"passed_time":40.24290779,"remaining_time":17.24696048},
{"learn":[0.06173090041],"iteration":175,"passed_time":40.4653417,"remaining_time":17.01383685},
{"learn":[0.0608951389],"iteration":176,"passed_time":40.69314442,"remaining_time":16.78304826},
{"learn":[0.06082434331],"iteration":177,"passed_time":40.91493665,"remaining_time":16.54986201},
{"learn":[0.06005971036],"iteration":178,"passed_time":41.15250696,"remaining_time":16.32306142},
{"learn":[0.05981046313],"iteration":179,"passed_time":41.38994888,"remaining_time":16.09609123},
{"learn":[0.05963817262],"iteration":180,"passed_time":41.61580547,"remaining_time":15.86458883},
{"learn":[0.0584258353],"iteration":181,"passed_time":41.84876282,"remaining_time":15.63580149},
{"learn":[0.05792272139],"iteration":182,"passed_time":42.10406894,"remaining_time":15.41515092},
{"learn":[0.05784725643],"iteration":183,"passed_time":42.33514573,"remaining_time":15.18543271},
{"learn":[0.05748777873],"iteration":184,"passed_time":42.56324005,"remaining_time":14.95465191},
{"learn":[0.05633056613],"iteration":185,"passed_time":42.78877246,"remaining_time":14.72301848},
{"learn":[0.05602692886],"iteration":186,"passed_time":43.01453358,"remaining_time":14.49152736},
{"learn":[0.05538501168],"iteration":187,"passed_time":43.25396984,"remaining_time":14.26460707},
{"learn":[0.05524023685],"iteration":188,"passed_time":43.48119779,"remaining_time":14.0336141},
{"learn":[0.05514764138],"iteration":189,"passed_time":43.71823712,"remaining_time":13.80575909},
{"learn":[0.05488899272],"iteration":190,"passed_time":43.94398322,"remaining_time":13.57431942},
{"learn":[0.05482971745],"iteration":191,"passed_time":44.18382467,"remaining_time":13.34719704},
{"learn":[0.0545883842],"iteration":192,"passed_time":44.41569787,"remaining_time":13.11758953},
{"learn":[0.05453637124],"iteration":193,"passed_time":44.64061565,"remaining_time":12.88595091},
{"learn":[0.05443034773],"iteration":194,"passed_time":44.86654252,"remaining_time":12.65466584},
{"learn":[0.05415001205],"iteration":195,"passed_time":45.0966887,"remaining_time":12.42459791},
{"learn":[0.05407776267],"iteration":196,"passed_time":45.33986992,"remaining_time":12.19803607},
{"learn":[0.05393345496],"iteration":197,"passed_time":45.56952214,"remaining_time":11.96775329},
{"learn":[0.05366778536],"iteration":198,"passed_time":45.79676001,"remaining_time":11.73685809},
{"learn":[0.0535402004],"iteration":199,"passed_time":46.02765629,"remaining_time":11.50691407},
{"learn":[0.05335634498],"iteration":200,"passed_time":46.28157821,"remaining_time":11.28257379},
{"learn":[0.05325171423],"iteration":201,"passed_time":46.52555052,"remaining_time":11.05557636},
{"learn":[0.0531654936],"iteration":202,"passed_time":46.75856486,"remaining_time":10.82587462},
{"learn":[0.05290723527],"iteration":203,"passed_time":46.98323562,"remaining_time":10.59425901},
{"learn":[0.0526050415],"iteration":204,"passed_time":47.21210835,"remaining_time":10.36363354},
{"learn":[0.05228173687],"iteration":205,"passed_time":47.44936534,"remaining_time":10.1348159},
{"learn":[0.05198658491],"iteration":206,"passed_time":47.67853397,"remaining_time":9.904236525},
{"learn":[0.0519298022],"iteration":207,"passed_time":47.89850513,"remaining_time":9.671813535},
{"learn":[0.05150352119],"iteration":208,"passed_time":48.13248306,"remaining_time":9.442257443},
{"learn":[0.05142251503],"iteration":209,"passed_time":48.36886493,"remaining_time":9.21311713},
{"learn":[0.05123952182],"iteration":210,"passed_time":48.59802218,"remaining_time":8.982572819},
{"learn":[0.05115262133],"iteration":211,"passed_time":48.83285287,"remaining_time":8.753058534},
{"learn":[0.05099825904],"iteration":212,"passed_time":49.07647571,"remaining_time":8.525021603},
{"learn":[0.05089364427],"iteration":213,"passed_time":49.31159349,"remaining_time":8.295408251},
{"learn":[0.05070633578],"iteration":214,"passed_time":49.53697951,"remaining_time":8.064159456},
{"learn":[0.05060539391],"iteration":215,"passed_time":49.76855167,"remaining_time":7.833938688},
{"learn":[0.05053204887],"iteration":216,"passed_time":49.99244524,"remaining_time":7.602537756},
{"learn":[0.05042748485],"iteration":217,"passed_time":50.2286887,"remaining_time":7.373018524},
{"learn":[0.05025582578],"iteration":218,"passed_time":50.47080621,"remaining_time":7.144269372},
{"learn":[0.05016975178],"iteration":219,"passed_time":50.69865559,"remaining_time":6.913453034},
{"learn":[0.04993191705],"iteration":220,"passed_time":50.92148442,"remaining_time":6.682004743},
{"learn":[0.04985024065],"iteration":221,"passed_time":51.15043778,"remaining_time":6.451406566},
{"learn":[0.04955025218],"iteration":222,"passed_time":51.38838417,"remaining_time":6.221911985},
{"learn":[0.04929366567],"iteration":223,"passed_time":51.61972376,"remaining_time":5.99157508},
{"learn":[0.04923346839],"iteration":224,"passed_time":51.84676797,"remaining_time":5.760751997},
{"learn":[0.04884458251],"iteration":225,"passed_time":52.07199382,"remaining_time":5.529769256},
{"learn":[0.04821667535],"iteration":226,"passed_time":52.31512097,"remaining_time":5.300651023},
{"learn":[0.04812518532],"iteration":227,"passed_time":52.55438994,"remaining_time":5.071037626},
{"learn":[0.04805850127],"iteration":228,"passed_time":52.78124484,"remaining_time":4.840201491},
{"learn":[0.04797134663],"iteration":229,"passed_time":53.00939054,"remaining_time":4.609512221},
{"learn":[0.04683274457],"iteration":230,"passed_time":53.23994772,"remaining_time":4.379043319},
{"learn":[0.046654938],"iteration":231,"passed_time":53.4742903,"remaining_time":4.148867351},
{"learn":[0.04649615526],"iteration":232,"passed_time":53.7114634,"remaining_time":3.918862136},
{"learn":[0.04641457091],"iteration":233,"passed_time":53.93793966,"remaining_time":3.68806425},
{"learn":[0.04614703952],"iteration":234,"passed_time":54.17566216,"remaining_time":3.458020989},
{"learn":[0.04604199666],"iteration":235,"passed_time":54.41224707,"remaining_time":3.227845165},
{"learn":[0.04527907748],"iteration":236,"passed_time":54.64331138,"remaining_time":2.997312438},
{"learn":[0.04449448178],"iteration":237,"passed_time":54.87457092,"remaining_time":2.766785088},
{"learn":[0.04441654318],"iteration":238,"passed_time":55.10564453,"remaining_time":2.536243054},
{"learn":[0.0443362593],"iteration":239,"passed_time":55.3373681,"remaining_time":2.305723671},
{"learn":[0.04426386766],"iteration":240,"passed_time":55.58391896,"remaining_time":2.075748011},
{"learn":[0.04420605908],"iteration":241,"passed_time":55.80987681,"remaining_time":1.844954605},
{"learn":[0.04412114351],"iteration":242,"passed_time":56.03321459,"remaining_time":1.614125523},
{"learn":[0.04405472273],"iteration":243,"passed_time":56.25621502,"remaining_time":1.38334955},
{"learn":[0.04371365871],"iteration":244,"passed_time":56.4913178,"remaining_time":1.152884037},
{"learn":[0.04362629539],"iteration":245,"passed_time":56.73190622,"remaining_time":0.9224700199},
{"learn":[0.04351158713],"iteration":246,"passed_time":56.95485249,"remaining_time":0.691759342},
{"learn":[0.04339691785],"iteration":247,"passed_time":57.18160226,"remaining_time":0.4611419537},
{"learn":[0.0428159816],"iteration":248,"passed_time":57.4045946,"remaining_time":0.2305405406},
{"learn":[0.04271542814],"iteration":249,"passed_time":57.63112709,"remaining_time":0}
]}