{
"meta":{"test_sets":[],"test_metrics":[],"learn_metrics":[{"best_value":"Min","name":"Logloss"}],"launch_mode":"Train","parameters":"","iteration_count":250,"learn_sets":["learn"],"name":"experiment"},
"iterations":[
{"learn":[0.5561210866],"iteration":0,"passed_time":0.3929778566,"remaining_time":97.85148629},
{"learn":[0.4563383554],"iteration":1,"passed_time":0.7488307531,"remaining_time":92.85501338},
{"learn":[0.3739650063],"iteration":2,"passed_time":1.096110705,"remaining_time":90.24644802},
{"learn":[0.3308676251],"iteration":3,"passed_time":1.453422348,"remaining_time":89.38547439},
{"learn":[0.2904442539],"iteration":4,"passed_time":1.815748896,"remaining_time":88.97169589},
{"learn":[0.2546041049],"iteration":5,"passed_time":2.15498829,"remaining_time":87.63619046},
{"learn":[0.2332474201],"iteration":6,"passed_time":2.497819414,"remaining_time":86.7100168},
{"learn":[0.2196388158],"iteration":7,"passed_time":2.84735398,"remaining_time":86.13245789},
{"learn":[0.2037005527],"iteration":8,"passed_time":3.192316141,"remaining_time":85.48313222},
{"learn":[0.192873018],"iteration":9,"passed_time":3.540539584,"remaining_time":84.97295001},
{"learn":[0.1820220631],"iteration":10,"passed_time":3.903501177,"remaining_time":84.81243467},
{"learn":[0.1722801155],"iteration":11,"passed_time":4.254316076,"remaining_time":84.37726884},
{"learn":[0.165769201],"iteration":12,"passed_time":4.592724063,"remaining_time":83.72889254},
{"learn":[0.1600612172],"iteration":13,"passed_time":4.948913849,"remaining_time":83.42454773},
{"learn":[0.1551701192],"iteration":14,"passed_time":5.299755268,"remaining_time":83.02949921},
{"learn":[0.1521661932],"iteration":15,"passed_time":5.656568894,"remaining_time":82.72732008},
{"learn":[0.150787685],"iteration":16,"passed_time":6.006992997,"remaining_time":82.33113932},
{"learn":[0.1480849993],"iteration":17,"passed_time":6.348509845,"remaining_time":81.825238},
{"learn":[0.1471248492],"iteration":18,"passed_time":6.693962756,"remaining_time":81.38449455},
{"learn":[0.1456539788],"iteration":19,"passed_time":7.050322529,"remaining_time":81.07870908},
{"learn":[0.1443029056],"iteration":20,"passed_time":7.392400619,"remaining_time":80.61236866},
{"learn":[0.1430821642],"iteration":21,"passed_time":7.73568105,"remaining_time":80.16978542},
{"learn":[0.1419210547],"iteration":22,"passed_time":8.08755749,"remaining_time":79.82067609},
{"learn":[0.1405476642],"iteration":23,"passed_time":8.424588674,"remaining_time":79.33154335},
{"learn":[0.139771127],"iteration":24,"passed_time":8.772589459,"remaining_time":78.95330513},
{"learn":[0.1388600426],"iteration":25,"passed_time":9.135231782,"remaining_time":78.70353535},
{"learn":[0.1377023874],"iteration":26,"passed_time":9.482604842,"remaining_time":78.31929184},
{"learn":[0.1372292329],"iteration":27,"passed_time":9.818095202,"remaining_time":77.8434691},
{"learn":[0.1362449059],"iteration":28,"passed_time":10.17591571,"remaining_time":77.5474956},
{"learn":[0.1354895659],"iteration":29,"passed_time":10.51956514,"remaining_time":77.14347766},
{"learn":[0.1344999479],"iteration":30,"passed_time":10.85554222,"remaining_time":76.68915314},
{"learn":[0.1339381342],"iteration":31,"passed_time":11.2112154,"remaining_time":76.37640492},
{"learn":[0.1333234735],"iteration":32,"passed_time":11.56651741,"remaining_time":76.05861445},
{"learn":[0.1328153393],"iteration":33,"passed_time":11.90710636,"remaining_time":75.64514629},
{"learn":[0.1325156773],"iteration":34,"passed_time":12.25308295,"remaining_time":75.26893811},
{"learn":[0.1321529164],"iteration":35,"passed_time":12.59734727,"remaining_time":74.88423101},
{"learn":[0.1315379628],"iteration":36,"passed_time":12.93585591,"remaining_time":74.46857592},
{"learn":[0.1312639592],"iteration":37,"passed_time":13.28836482,"remaining_time":74.13508793},
{"learn":[0.1309500911],"iteration":38,"passed_time":13.62996851,"remaining_time":73.7416245},
{"learn":[0.1301860103],"iteration":39,"passed_time":13.98158151,"remaining_time":73.40330292},
{"learn":[0.129873406],"iteration":40,"passed_time":14.34318697,"remaining_time":73.11527018},
{"learn":[0.1294944095],"iteration":41,"passed_time":14.68635652,"remaining_time":72.73243228},
{"learn":[0.128777343],"iteration":42,"passed_time":15.04445232,"remaining_time":72.42329371},
{"learn":[0.1282299642],"iteration":43,"passed_time":15.38076686,"remaining_time":72.00995392},
{"learn":[0.1275257035],"iteration":44,"passed_time":15.72913415,"remaining_time":71.65494445},
{"learn":[0.1270078197],"iteration":45,"passed_time":16.09009775,"remaining_time":71.35608565},
{"learn":[0.1263507492],"iteration":46,"passed_time":16.43763612,"remaining_time":70.99659856},
{"learn":[0.1260067073],"iteration":47,"passed_time":16.78592923,"remaining_time":70.64078552},
{"learn":[0.1254016811],"iteration":48,"passed_time":17.14773569,"remaining_time":70.3407117},
{"learn":[0.1252522155],"iteration":49,"passed_time":17.48628872,"remaining_time":69.94515487},
{"learn":[0.1249291486],"iteration":50,"passed_time":17.82692653,"remaining_time":69.55996822},
{"learn":[0.1245570828],"iteration":51,"passed_time":18.17116381,"remaining_time":69.19020068},
{"learn":[0.1242250148],"iteration":52,"passed_time":18.51449969,"remaining_time":68.81804601},
{"learn":[0.1238972408],"iteration":53,"passed_time":18.86341857,"remaining_time":68.46722296},
{"learn":[0.1237228644],"iteration":54,"passed_time":19.22769879,"remaining_time":68.17093209},
{"learn":[0.1236006415],"iteration":55,"passed_time":19.56982775,"remaining_time":67.79547472},
{"learn":[0.1231901701],"iteration":56,"passed_time":19.91041651,"remaining_time":67.41597169},
{"learn":[0.1229826256],"iteration":57,"passed_time":20.2684707,"remaining_time":67.09562714},
{"learn":[0.1227293098],"iteration":58,"passed_time":20.64775704,"remaining_time":66.8427389},
{"learn":[0.1222783057],"iteration":59,"passed_time":21.00567796,"remaining_time":66.5179802},
{"learn":[0.1220843517],"iteration":60,"passed_time":21.34837032,"remaining_time":66.14495066},
{"learn":[0.121685093],"iteration":61,"passed_time":21.69826442,"remaining_time":65.79473728},
{"learn":[0.1214463272],"iteration":62,"passed_time":22.04760341,"remaining_time":65.44288631},
{"learn":[0.1210806914],"iteration":63,"passed_time":22.39120265,"remaining_time":65.0744327},
{"learn":[0.1208343962],"iteration":64,"passed_time":22.73404851,"remaining_time":64.70459961},
{"learn":[0.1204299072],"iteration":65,"passed_time":23.08546841,"remaining_time":64.3594877},
{"learn":[0.1201269583],"iteration":66,"passed_time":23.44982847,"remaining_time":64.04953148},
{"learn":[0.1199587724],"iteration":67,"passed_time":23.78771785,"remaining_time":63.66712719},
{"learn":[0.1197847977],"iteration":68,"passed_time":24.13550561,"remaining_time":63.31197847},
{"learn":[0.1193809679],"iteration":69,"passed_time":24.49635591,"remaining_time":62.99062949},
{"learn":[0.119081321],"iteration":70,"passed_time":24.83409663,"remaining_time":62.60990558},
{"learn":[0.1187567941],"iteration":71,"passed_time":25.18517166,"remaining_time":62.26334106},
{"learn":[0.1184442637],"iteration":72,"passed_time":25.53381708,"remaining_time":61.91076197},
{"learn":[0.1180585614],"iteration":73,"passed_time":25.88579824,"remaining_time":61.56622284},
{"learn":[0.1177468324],"iteration":74,"passed_time":26.22926182,"remaining_time":61.20161091},
{"learn":[0.1173219491],"iteration":75,"passed_time":26.57682334,"remaining_time":60.84693764},
{"learn":[0.1169944117],"iteration":76,"passed_time":26.92368009,"remaining_time":60.49086566},
{"learn":[0.1167653652],"iteration":77,"passed_time":27.26503851,"remaining_time":60.12290544},
{"learn":[0.1165906143],"iteration":78,"passed_time":27.60693233,"remaining_time":59.75677757},
{"learn":[0.116308662],"iteration":79,"passed_time":27.95932012,"remaining_time":59.41355525},
{"learn":[0.1160672368],"iteration":80,"passed_time":28.3080816,"remaining_time":59.06254063},
{"learn":[0.1154611236],"iteration":81,"passed_time":28.67581356,"remaining_time":58.75044729},
{"learn":[0.1151812304],"iteration":82,"passed_time":29.02878672,"remaining_time":58.40731785},
{"learn":[0.1150694288],"iteration":83,"passed_time":29.40086005,"remaining_time":58.10169962},
{"learn":[0.1148034014],"iteration":84,"passed_time":29.76046453,"remaining_time":57.7703135},
{"learn":[0.114400627],"iteration":85,"passed_time":30.10968744,"remaining_time":57.41847372},
{"learn":[0.1141760211],"iteration":86,"passed_time":30.44394254,"remaining_time":57.03865097},
{"learn":[0.1139906062],"iteration":87,"passed_time":30.79061302,"remaining_time":56.68271942},
{"learn":[0.1136621788],"iteration":88,"passed_time":31.13385614,"remaining_time":56.32079593},
{"learn":[0.1130328916],"iteration":89,"passed_time":31.49567738,"remaining_time":55.99231534},
{"learn":[0.112759031],"iteration":90,"passed_time":31.84116125,"remaining_time":55.63455646},
{"learn":[0.1125594428],"iteration":91,"passed_time":32.1948236,"remaining_time":55.29111009},
{"learn":[0.1124217438],"iteration":92,"passed_time":32.53757154,"remaining_time":54.92901863},
{"learn":[0.1121538836],"iteration":93,"passed_time":32.89039099,"remaining_time":54.58405314},
{"learn":[0.1119907361],"iteration":94,"passed_time":33.22980825,"remaining_time":54.21705556},
{"learn":[0.1118154351],"iteration":95,"passed_time":33.58141215,"remaining_time":53.87018199},
{"learn":[0.1112135693],"iteration":96,"passed_time":33.92699024,"remaining_time":53.51370626},
{"learn":[0.1104503288],"iteration":97,"passed_time":34.27618333,"remaining_time":53.16305986},
{"learn":[0.1101056126],"iteration":98,"passed_time":34.62933824,"remaining_time":52.8184856},
{"learn":[0.1099984327],"iteration":99,"passed_time":34.97265508,"remaining_time":52.45898262},
{"learn":[0.1098609443],"iteration":100,"passed_time":35.31016289,"remaining_time":52.0912304},
{"learn":[0.1090902703],"iteration":101,"passed_time":35.68546639,"remaining_time":51.77891201},
{"learn":[0.108765684],"iteration":102,"passed_time":36.03232833,"remaining_time":51.42477927},
{"learn":[0.1083410576],"iteration":103,"passed_time":36.39305105,"remaining_time":51.09024474},
{"learn":[0.1079706527],"iteration":104,"passed_time":36.76293684,"remaining_time":50.76786516},
{"learn":[0.1074689868],"iteration":105,"passed_time":37.11005164,"remaining_time":50.41365505},
{"learn":[0.1073878352],"iteration":106,"passed_time":37.44868653,"remaining_time":50.04824462},
{"learn":[0.1069371365],"iteration":107,"passed_time":37.80051551,"remaining_time":49.70067781},
{"learn":[0.1067761849],"iteration":108,"passed_time":38.15318375,"remaining_time":49.35411843},
{"learn":[0.1066933839],"iteration":109,"passed_time":38.49880625,"remaining_time":48.99848068},
{"learn":[0.1065726105],"iteration":110,"passed_time":38.8543883,"remaining_time":48.65549525},
{"learn":[0.1063444925],"iteration":111,"passed_time":39.19018112,"remaining_time":48.28790174},
{"learn":[0.1061318793],"iteration":112,"passed_time":39.52730336,"remaining_time":47.92248284},
{"learn":[0.105639918],"iteration":113,"passed_time":39.88663342,"remaining_time":47.58405391},
{"learn":[0.1055592503],"iteration":114,"passed_time":40.22795329,"remaining_time":47.22411908},
{"learn":[0.1054134658],"iteration":115,"passed_time":40.56689911,"remaining_time":46.86176277},
{"learn":[0.1049897708],"iteration":116,"passed_time":40.9253058,"remaining_time":46.52192882},
{"learn":[0.1047140751],"iteration":117,"passed_time":41.28738858,"remaining_time":46.1858923},
{"learn":[0.1044960682],"iteration":118,"passed_time":41.62433165,"remaining_time":45.82174324},
{"learn":[0.1042521901],"iteration":119,"passed_time":41.97562317,"remaining_time":45.47359177},
{"learn":[0.1039533626],"iteration":120,"passed_time":42.32105834,"remaining_time":45.11914484},
{"learn":[0.1037324933],"iteration":121,"passed_time":42.68327408,"remaining_time":44.7824515},
{"learn":[0.1034940857],"iteration":122,"passed_time":43.04279946,"remaining_time":44.44256529},
{"learn":[0.1031131168],"iteration":123,"passed_time":43.38786024,"remaining_time":44.08766443},
{"learn":[0.1030120914],"iteration":124,"passed_time":43.73362018,"remaining_time":43.73362018},
{"learn":[0.1026272696],"iteration":125,"passed_time":44.08733741,"remaining_time":43.3875384},
{"learn":[0.1023938269],"iteration":126,"passed_time":44.42788421,"remaining_time":43.02858077},
{"learn":[0.1021725244],"iteration":127,"passed_time":44.7703466,"remaining_time":42.6717366},
{"learn":[0.1017000103],"iteration":128,"passed_time":45.12700012,"remaining_time":42.32842647},
{"learn":[0.1014017113],"iteration":129,"passed_time":45.46950111,"remaining_time":41.97184718},
{"learn":[0.1012262756],"iteration":130,"passed_time":45.86750958,"remaining_time":41.66590565},
{"learn":[0.1010157339],"iteration":131,"passed_time":46.20567451,"remaining_time":41.30507266},
{"learn":[0.1004483509],"iteration":132,"passed_time":46.55729781,"remaining_time":40.95641988},
{"learn":[0.09965490871],"iteration":133,"passed_time":46.91759417,"remaining_time":40.61523078},
{"learn":[0.0995403213],"iteration":134,"passed_time":47.26134692,"remaining_time":40.25966589},
{"learn":[0.09927272667],"iteration":135,"passed_time":47.61454396,"remaining_time":39.91219126},
{"learn":[0.09910455981],"iteration":136,"passed_time":47.96297587,"remaining_time":39.56070273},
{"learn":[0.09870005309],"iteration":137,"passed_time":48.30413074,"remaining_time":39.20335248},
{"learn":[0.09817378333],"iteration":138,"passed_time":48.64712758,"remaining_time":38.8477062},
{"learn":[0.09799366977],"iteration":139,"passed_time":49.00272581,"remaining_time":38.50214171},
{"learn":[0.0976519573],"iteration":140,"passed_time":49.34780493,"remaining_time":38.1483031},
{"learn":[0.09752968605],"iteration":141,"passed_time":49.69672736,"remaining_time":37.79751095},
{"learn":[0.0973253332],"iteration":142,"passed_time":50.05687249,"remaining_time":37.45514235},
{"learn":[0.09721712258],"iteration":143,"passed_time":50.39475623,"remaining_time":37.09614001},
{"learn":[0.09678195402],"iteration":144,"passed_time":50.74405549,"remaining_time":36.74569536},
{"learn":[0.09668192964],"iteration":145,"passed_time":51.11812484,"remaining_time":36.41291085},
{"learn":[0.09640465573],"iteration":146,"passed_time":51.49468394,"remaining_time":36.08130915},
{"learn":[0.09623183153],"iteration":147,"passed_time":51.84188313,"remaining_time":35.7288654},
{"learn":[0.09583330038],"iteration":148,"passed_time":52.19571155,"remaining_time":35.38098568},
{"learn":[0.09566772974],"iteration":149,"passed_time":52.53725603,"remaining_time":35.02483735},
{"learn":[0.09538816944],"iteration":150,"passed_time":52.88803478,"remaining_time":34.67493671},
{"learn":[0.09501963427],"iteration":151,"passed_time":53.25709648,"remaining_time":34.3368122},
{"learn":[0.09474287931],"iteration":152,"passed_time":53.59901036,"remaining_time":33.98107192},
{"learn":[0.09428298235],"iteration":153,"passed_time":53.94593041,"remaining_time":33.62863194},
{"learn":[0.09413787281],"iteration":154,"passed_time":54.30905376,"remaining_time":33.28619424},
{"learn":[0.09389981159],"iteration":155,"passed_time":54.65676003,"remaining_time":32.93420156},
{"learn":[0.09375193101],"iteration":156,"passed_time":55.00292123,"remaining_time":32.58134824},
{"learn":[0.09329822368],"iteration":157,"passed_time":55.36902454,"remaining_time":32.2401915},
{"learn":[0.09315527166],"iteration":158,"passed_time":55.71952499,"remaining_time":31.88979103},
{"learn":[0.09276528754],"iteration":159,"passed_time":56.07796036,"remaining_time":31.5438527},
{"learn":[0.09221679962],"iteration":160,"passed_time":56.44447948,"remaining_time":31.20222779},
{"learn":[0.09210544855],"iteration":161,"passed_time":56.79249334,"remaining_time":30.8502433},
{"learn":[0.09201309856],"iteration":162,"passed_time":57.13538221,"remaining_time":30.4955721},
{"learn":[0.0917687524],"iteration":163,"passed_time":57.47706763,"remaining_time":30.14041351},
{"learn":[0.09159869485],"iteration":164,"passed_time":57.81544717,"remaining_time":29.78371521},
{"learn":[0.09145885003],"iteration":165,"passed_time":58.16378542,"remaining_time":29.43227696},
{"learn":[0.09136913804],"iteration":166,"passed_time":58.53104087,"remaining_time":29.0902778},
{"learn":[0.09116216447],"iteration":167,"passed_time":58.8828997,"remaining_time":28.74046295},
{"learn":[0.0910686094],"iteration":168,"passed_time":59.25437731,"remaining_time":28.40002699},
{"learn":[0.09064865962],"iteration":169,"passed_time":59.61483843,"remaining_time":28.05404162},
{"learn":[0.09004832569],"iteration":170,"passed_time":59.95797843,"remaining_time":27.69988477},
{"learn":[0.08969689613],"iteration":171,"passed_time":60.31075971,"remaining_time":27.35022824},
{"learn":[0.08949903281],"iteration":172,"passed_time":60.65067247,"remaining_time":26.99480798},
{"learn":[0.08902383676],"iteration":173,"passed_time":60.99416908,"remaining_time":26.64113132},
{"learn":[0.08862207724],"iteration":174,"passed_time":61.35788828,"remaining_time":26.29623783},
{"learn":[0.08850389769],"iteration":175,"passed_time":61.70211785,"remaining_time":25.94293591},
{"learn":[0.0879957276],"iteration":176,"passed_time":62.04640127,"remaining_time":25.58975871},
{"learn":[0.08766244396],"iteration":177,"passed_time":62.40376227,"remaining_time":25.24197125},
{"learn":[0.08743531503],"iteration":178,"passed_time":62.74640446,"remaining_time":24.88823864},
{"learn":[0.08725874054],"iteration":179,"passed_time":63.10614504,"remaining_time":24.54127862},
{"learn":[0.08709118765],"iteration":180,"passed_time":63.45645971,"remaining_time":24.19058409},
{"learn":[0.08700895406],"iteration":181,"passed_time":63.80068651,"remaining_time":23.83761914},
{"learn":[0.08688703923],"iteration":182,"passed_time":64.14867456,"remaining_time":23.48612675},
{"learn":[0.08670751333],"iteration":183,"passed_time":64.5095917,"remaining_time":23.13931007},
{"learn":[0.08648512083],"iteration":184,"passed_time":64.85874175,"remaining_time":22.78820656},
{"learn":[0.08629278402],"iteration":185,"passed_time":65.22062933,"remaining_time":22.44150686},
{"learn":[0.08597176173],"iteration":186,"passed_time":65.57794424,"remaining_time":22.09310421},
{"learn":[0.08567240772],"iteration":187,"passed_time":65.91782808,"remaining_time":21.7388582},
{"learn":[0.08558613068],"iteration":188,"passed_time":66.25548649,"remaining_time":21.3840459},
{"learn":[0.085426207],"iteration":189,"passed_time":66.60082377,"remaining_time":21.03183909},
{"learn":[0.08526346014],"iteration":190,"passed_time":66.93960573,"remaining_time":20.67767926},
{"learn":[0.0850477685],"iteration":191,"passed_time":67.29226954,"remaining_time":20.32787309},
{"learn":[0.08478504646],"iteration":192,"passed_time":67.63888371,"remaining_time":19.97625063},
{"learn":[0.08450652758],"iteration":193,"passed_time":67.97878686,"remaining_time":19.6227426},
{"learn":[0.08431231914],"iteration":194,"passed_time":68.3193796,"remaining_time":19.2695686},
{"learn":[0.08404099762],"iteration":195,"passed_time":68.67682341,"remaining_time":18.92116563},
{"learn":[0.08393772795],"iteration":196,"passed_time":69.01743226,"remaining_time":18.56814168},
{"learn":[0.0836552833],"iteration":197,"passed_time":69.37473132,"remaining_time":18.21962641},
{"learn":[0.08357222172],"iteration":198,"passed_time":69.72427987,"remaining_time":17.86903655},
{"learn":[0.08324021075],"iteration":199,"passed_time":70.08059428,"remaining_time":17.52014857},
{"learn":[0.08311940127],"iteration":200,"passed_time":70.42040297,"remaining_time":17.16716291},
{"learn":[0.08300981205],"iteration":201,"passed_time":70.76418541,"remaining_time":16.81525198},
{"learn":[0.08280042151],"iteration":202,"passed_time":71.10899639,"remaining_time":16.46365926},
{"learn":[0.08272684387],"iteration":203,"passed_time":71.43974594,"remaining_time":16.10896232},
{"learn":[0.08262421865],"iteration":204,"passed_time":71.79333752,"remaining_time":15.75951311},
{"learn":[0.08253404366],"iteration":205,"passed_time":72.13787126,"remaining_time":15.40808901},
{"learn":[0.08244607528],"iteration":206,"passed_time":72.48826511,"remaining_time":15.05794879},
{"learn":[0.0822446051],"iteration":207,"passed_time":72.84244077,"remaining_time":14.70856977},
{"learn":[0.08192200973],"iteration":208,"passed_time":73.19294271,"remaining_time":14.35842417},
{"learn":[0.08185365348],"iteration":209,"passed_time":73.55816776,"remaining_time":14.01107957},
{"learn":[0.08174447082],"iteration":210,"passed_time":73.9131231,"remaining_time":13.6616673},
{"learn":[0.08163661982],"iteration":211,"passed_time":74.26000237,"remaining_time":13.31075514},
{"learn":[0.08148436288],"iteration":212,"passed_time":74.61286817,"remaining_time":12.96092076},
{"learn":[0.08142374097],"iteration":213,"passed_time":74.94634291,"remaining_time":12.607796},
{"learn":[0.08134679835],"iteration":214,"passed_time":75.29178966,"remaining_time":12.25680297},
{"learn":[0.08126578904],"iteration":215,"passed_time":75.63303724,"remaining_time":11.90520031},
{"learn":[0.08090881684],"iteration":216,"passed_time":75.97265104,"remaining_time":11.55344463},
{"learn":[0.08061827827],"iteration":217,"passed_time":76.31873265,"remaining_time":11.20274975},
{"learn":[0.08052374464],"iteration":218,"passed_time":76.66798051,"remaining_time":10.85254519},
{"learn":[0.08032796568],"iteration":219,"passed_time":77.00942848,"remaining_time":10.5012857},
{"learn":[0.08024143249],"iteration":220,"passed_time":77.35120926,"remaining_time":10.15015868},
{"learn":[0.08006041256],"iteration":221,"passed_time":77.69935276,"remaining_time":9.799918366},
{"learn":[0.07994836424],"iteration":222,"passed_time":78.03569104,"remaining_time":9.448267525},
{"learn":[0.07965770552],"iteration":223,"passed_time":78.3942221,"remaining_time":9.09932935},
{"learn":[0.07936126623],"iteration":224,"passed_time":78.73607249,"remaining_time":8.748452499},
{"learn":[0.07925025792],"iteration":225,"passed_time":79.07283767,"remaining_time":8.397115505},
{"learn":[0.07915910307],"iteration":226,"passed_time":79.41346525,"remaining_time":8.046298241},
{"learn":[0.07898498445],"iteration":227,"passed_time":79.75720551,"remaining_time":7.695870707},
{"learn":[0.078720258],"iteration":228,"passed_time":80.09491807,"remaining_time":7.344948819},
{"learn":[0.07862971313],"iteration":229,"passed_time":80.44129037,"remaining_time":6.994894815},
{"learn":[0.07854922161],"iteration":230,"passed_time":80.78564175,"remaining_time":6.644706465},
{"learn":[0.07848322896],"iteration":231,"passed_time":81.13420911,"remaining_time":6.294895534},
{"learn":[0.07843100328],"iteration":232,"passed_time":81.5029441,"remaining_time":5.946566737},
{"learn":[0.07834982849],"iteration":233,"passed_time":81.87183326,"remaining_time":5.598074069},
{"learn":[0.07823079333],"iteration":234,"passed_time":82.21437203,"remaining_time":5.247725875},
{"learn":[0.07812478603],"iteration":235,"passed_time":82.56456806,"remaining_time":4.897898105},
{"learn":[0.07782461265],"iteration":236,"passed_time":82.93172224,"remaining_time":4.548997423},
{"learn":[0.07775278007],"iteration":237,"passed_time":83.28752692,"remaining_time":4.199371105},
{"learn":[0.07758330261],"iteration":238,"passed_time":83.62466242,"remaining_time":3.848833835},
{"learn":[0.07751861897],"iteration":239,"passed_time":83.97734664,"remaining_time":3.49905611},
{"learn":[0.07742801364],"iteration":240,"passed_time":84.31603441,"remaining_time":3.148731575},
{"learn":[0.07718757744],"iteration":241,"passed_time":84.66520185,"remaining_time":2.798849648},
{"learn":[0.07706707513],"iteration":242,"passed_time":85.00512599,"remaining_time":2.448707333},
{"learn":[0.07698805704],"iteration":243,"passed_time":85.35306787,"remaining_time":2.098845931},
{"learn":[0.07691523196],"iteration":244,"passed_time":85.697468,"remaining_time":1.748927918},
{"learn":[0.07675362803],"iteration":245,"passed_time":86.04427977,"remaining_time":1.39909398},
{"learn":[0.07665649163],"iteration":246,"passed_time":86.3858085,"remaining_time":1.049220346},
{"learn":[0.07658121878],"iteration":247,"passed_time":86.73470239,"remaining_time":0.6994734064},
{"learn":[0.076326187],"iteration":248,"passed_time":87.07789134,"remaining_time":0.349710407},
{"learn":[0.07619752821],"iteration":249,"passed_time":87.4123713,"remaining_time":0}
]}