{
"meta":{"test_sets":[],"test_metrics":[],"learn_metrics":[{"best_value":"Min","name":"Logloss"}],"launch_mode":"Train","parameters":"","iteration_count":250,"learn_sets":["learn"],"name":"experiment"},
"iterations":[
{"learn":[0.6290472412],"iteration":0,"passed_time":0.3500748574,"remaining_time":87.16863948},
{"learn":[0.5646977351],"iteration":1,"passed_time":0.5631649354,"remaining_time":69.83245199},
{"learn":[0.51906912],"iteration":2,"passed_time":0.7743793107,"remaining_time":63.75722991},
{"learn":[0.4734749192],"iteration":3,"passed_time":0.9834981575,"remaining_time":60.48513669},
{"learn":[0.4349791541],"iteration":4,"passed_time":1.189579676,"remaining_time":58.28940415},
{"learn":[0.4013220684],"iteration":5,"passed_time":1.400746713,"remaining_time":56.96369965},
{"learn":[0.3722421265],"iteration":6,"passed_time":1.624300317,"remaining_time":56.3864253},
{"learn":[0.3466305777],"iteration":7,"passed_time":1.836382615,"remaining_time":55.5505741},
{"learn":[0.3172960956],"iteration":8,"passed_time":2.055020459,"remaining_time":55.02888119},
{"learn":[0.297567796],"iteration":9,"passed_time":2.268914643,"remaining_time":54.45395143},
{"learn":[0.2819374906],"iteration":10,"passed_time":2.49114167,"remaining_time":54.12571447},
{"learn":[0.2664187857],"iteration":11,"passed_time":2.70336192,"remaining_time":53.61667808},
{"learn":[0.252860483],"iteration":12,"passed_time":2.905700413,"remaining_time":52.97315368},
{"learn":[0.2435938204],"iteration":13,"passed_time":3.116848186,"remaining_time":52.54115513},
{"learn":[0.2235138878],"iteration":14,"passed_time":3.326266846,"remaining_time":52.11151392},
{"learn":[0.2142211445],"iteration":15,"passed_time":3.54263087,"remaining_time":51.81097648},
{"learn":[0.201649522],"iteration":16,"passed_time":3.762329256,"remaining_time":51.56604215},
{"learn":[0.1919382301],"iteration":17,"passed_time":3.973549416,"remaining_time":51.21463692},
{"learn":[0.1835305786],"iteration":18,"passed_time":4.179661104,"remaining_time":50.81587973},
{"learn":[0.1772847572],"iteration":19,"passed_time":4.385423915,"remaining_time":50.43237502},
{"learn":[0.1734299176],"iteration":20,"passed_time":4.615072878,"remaining_time":50.3262709},
{"learn":[0.1688710844],"iteration":21,"passed_time":4.826640209,"remaining_time":50.02154398},
{"learn":[0.162461137],"iteration":22,"passed_time":5.034297816,"remaining_time":49.68633062},
{"learn":[0.156962562],"iteration":23,"passed_time":5.2458603,"remaining_time":49.39851782},
{"learn":[0.1500492742],"iteration":24,"passed_time":5.459285969,"remaining_time":49.13357372},
{"learn":[0.1456595788],"iteration":25,"passed_time":5.68476619,"remaining_time":48.97644718},
{"learn":[0.1434859408],"iteration":26,"passed_time":5.887211935,"remaining_time":48.62400968},
{"learn":[0.1373566378],"iteration":27,"passed_time":6.090727684,"remaining_time":48.2907695},
{"learn":[0.134283189],"iteration":28,"passed_time":6.317639017,"remaining_time":48.1447663},
{"learn":[0.1311407471],"iteration":29,"passed_time":6.536356429,"remaining_time":47.93328048},
{"learn":[0.1273129507],"iteration":30,"passed_time":6.764113069,"remaining_time":47.78518587},
{"learn":[0.125684345],"iteration":31,"passed_time":6.967749097,"remaining_time":47.46779072},
{"learn":[0.1244152363],"iteration":32,"passed_time":7.176238275,"remaining_time":47.1892032},
{"learn":[0.1221982985],"iteration":33,"passed_time":7.386114413,"remaining_time":46.92355039},
{"learn":[0.1204560735],"iteration":34,"passed_time":7.596680586,"remaining_time":46.6653236},
{"learn":[0.1189433523],"iteration":35,"passed_time":7.812452199,"remaining_time":46.44068807},
{"learn":[0.116325754],"iteration":36,"passed_time":8.023935164,"remaining_time":46.19184297},
{"learn":[0.1131910823],"iteration":37,"passed_time":8.237733449,"remaining_time":45.95788135},
{"learn":[0.1110639601],"iteration":38,"passed_time":8.450691806,"remaining_time":45.72040951},
{"learn":[0.1074408898],"iteration":39,"passed_time":8.668356552,"remaining_time":45.5088719},
{"learn":[0.1052204543],"iteration":40,"passed_time":8.878463906,"remaining_time":45.25851113},
{"learn":[0.1032601811],"iteration":41,"passed_time":9.083123016,"remaining_time":44.98308541},
{"learn":[0.1019753324],"iteration":42,"passed_time":9.298689857,"remaining_time":44.76346048},
{"learn":[0.100272299],"iteration":43,"passed_time":9.501383285,"remaining_time":44.48374902},
{"learn":[0.09895857591],"iteration":44,"passed_time":9.731288706,"remaining_time":44.33142633},
{"learn":[0.09851312491],"iteration":45,"passed_time":9.94077537,"remaining_time":44.08517773},
{"learn":[0.09767375066],"iteration":46,"passed_time":10.14677894,"remaining_time":43.82544945},
{"learn":[0.09719458947],"iteration":47,"passed_time":10.36050028,"remaining_time":43.60043866},
{"learn":[0.09632791372],"iteration":48,"passed_time":10.60246029,"remaining_time":43.49172487},
{"learn":[0.09535189115],"iteration":49,"passed_time":10.8247813,"remaining_time":43.29912521},
{"learn":[0.09456872793],"iteration":50,"passed_time":11.02890589,"remaining_time":43.03435828},
{"learn":[0.09392787053],"iteration":51,"passed_time":11.24469223,"remaining_time":42.81632809},
{"learn":[0.09197456947],"iteration":52,"passed_time":11.45859911,"remaining_time":42.5913967},
{"learn":[0.0916533837],"iteration":53,"passed_time":11.67825142,"remaining_time":42.38772736},
{"learn":[0.09137205271],"iteration":54,"passed_time":11.90269578,"remaining_time":42.20046684},
{"learn":[0.09000761179],"iteration":55,"passed_time":12.10246335,"remaining_time":41.92639089},
{"learn":[0.08986886831],"iteration":56,"passed_time":12.31199936,"remaining_time":41.68799784},
{"learn":[0.08892517677],"iteration":57,"passed_time":12.53906098,"remaining_time":41.50861566},
{"learn":[0.08822993352],"iteration":58,"passed_time":12.76162153,"remaining_time":41.31304596},
{"learn":[0.08810545701],"iteration":59,"passed_time":12.98084984,"remaining_time":41.10602448},
{"learn":[0.08797410818],"iteration":60,"passed_time":13.20048153,"remaining_time":40.8998526},
{"learn":[0.08747281588],"iteration":61,"passed_time":13.41711063,"remaining_time":40.68414193},
{"learn":[0.08625017606],"iteration":62,"passed_time":13.63501651,"remaining_time":40.47219187},
{"learn":[0.08612346943],"iteration":63,"passed_time":13.86074,"remaining_time":40.28277562},
{"learn":[0.08582226093],"iteration":64,"passed_time":14.07184344,"remaining_time":40.05063132},
{"learn":[0.08535748995],"iteration":65,"passed_time":14.28002399,"remaining_time":39.81097597},
{"learn":[0.0845961468],"iteration":66,"passed_time":14.4906583,"remaining_time":39.57896222},
{"learn":[0.08426422119],"iteration":67,"passed_time":14.70474101,"remaining_time":39.35680683},
{"learn":[0.08381267254],"iteration":68,"passed_time":14.91810159,"remaining_time":39.13299113},
{"learn":[0.0836638524],"iteration":69,"passed_time":15.12213266,"remaining_time":38.88548398},
{"learn":[0.08324327909],"iteration":70,"passed_time":15.33392634,"remaining_time":38.65877203},
{"learn":[0.08272241446],"iteration":71,"passed_time":15.55346413,"remaining_time":38.45161966},
{"learn":[0.08109009963],"iteration":72,"passed_time":15.76819813,"remaining_time":38.23248039},
{"learn":[0.08062140832],"iteration":73,"passed_time":15.98372992,"remaining_time":38.01535765},
{"learn":[0.08048129742],"iteration":74,"passed_time":16.19865581,"remaining_time":37.79686356},
{"learn":[0.08008468628],"iteration":75,"passed_time":16.41169734,"remaining_time":37.57414916},
{"learn":[0.07988730797],"iteration":76,"passed_time":16.63462854,"remaining_time":37.37390568},
{"learn":[0.0797883606],"iteration":77,"passed_time":16.84500887,"remaining_time":37.14540418},
{"learn":[0.07968308082],"iteration":78,"passed_time":17.05708168,"remaining_time":36.92102489},
{"learn":[0.07928523137],"iteration":79,"passed_time":17.26367569,"remaining_time":36.68531085},
{"learn":[0.07915145287],"iteration":80,"passed_time":17.48756761,"remaining_time":36.4864065},
{"learn":[0.07905714769],"iteration":81,"passed_time":17.70055159,"remaining_time":36.26454471},
{"learn":[0.07870579059],"iteration":82,"passed_time":17.91664637,"remaining_time":36.04915595},
{"learn":[0.07864480826],"iteration":83,"passed_time":18.11632189,"remaining_time":35.80130279},
{"learn":[0.07845150287],"iteration":84,"passed_time":18.33223977,"remaining_time":35.58611249},
{"learn":[0.07708754319],"iteration":85,"passed_time":18.53668042,"remaining_time":35.34901848},
{"learn":[0.07693118169],"iteration":86,"passed_time":18.74326052,"remaining_time":35.1166835},
{"learn":[0.07675383935],"iteration":87,"passed_time":18.95783282,"remaining_time":34.89964679},
{"learn":[0.07641358596],"iteration":88,"passed_time":19.16416857,"remaining_time":34.66776561},
{"learn":[0.07580874516],"iteration":89,"passed_time":19.37374495,"remaining_time":34.44221325},
{"learn":[0.07565493657],"iteration":90,"passed_time":19.59198107,"remaining_time":34.23214274},
{"learn":[0.07532737145],"iteration":91,"passed_time":19.80455326,"remaining_time":34.01216756},
{"learn":[0.07507217994],"iteration":92,"passed_time":20.02535557,"remaining_time":33.80624542},
{"learn":[0.0749691479],"iteration":93,"passed_time":20.23289692,"remaining_time":33.57799914},
{"learn":[0.07381909297],"iteration":94,"passed_time":20.44131485,"remaining_time":33.35161897},
{"learn":[0.07364733182],"iteration":95,"passed_time":20.64637787,"remaining_time":33.12023117},
{"learn":[0.07346650931],"iteration":96,"passed_time":20.86100957,"remaining_time":32.90447902},
{"learn":[0.07303281344],"iteration":97,"passed_time":21.09015787,"remaining_time":32.71126527},
{"learn":[0.07287993211],"iteration":98,"passed_time":21.31275762,"remaining_time":32.50733737},
{"learn":[0.07200869047],"iteration":99,"passed_time":21.53100058,"remaining_time":32.29650087},
{"learn":[0.07185404851],"iteration":100,"passed_time":21.74852628,"remaining_time":32.08445956},
{"learn":[0.07139083862],"iteration":101,"passed_time":21.97137748,"remaining_time":31.88003791},
{"learn":[0.07111172016],"iteration":102,"passed_time":22.18284647,"remaining_time":31.6590139},
{"learn":[0.07053472079],"iteration":103,"passed_time":22.39111393,"remaining_time":31.43367917},
{"learn":[0.07032557561],"iteration":104,"passed_time":22.5986988,"remaining_time":31.20772691},
{"learn":[0.07014205346],"iteration":105,"passed_time":22.81210146,"remaining_time":30.99002463},
{"learn":[0.06948781527],"iteration":106,"passed_time":23.04160586,"remaining_time":30.79392185},
{"learn":[0.06919846755],"iteration":107,"passed_time":23.25693308,"remaining_time":30.57856017},
{"learn":[0.06851725652],"iteration":108,"passed_time":23.47871665,"remaining_time":30.3715509},
{"learn":[0.06823032086],"iteration":109,"passed_time":23.70960196,"remaining_time":30.17585703},
{"learn":[0.06815470769],"iteration":110,"passed_time":23.9288882,"remaining_time":29.96500414},
{"learn":[0.0680116272],"iteration":111,"passed_time":24.14629727,"remaining_time":29.75168771},
{"learn":[0.06718390832],"iteration":112,"passed_time":24.36562562,"remaining_time":29.54062576},
{"learn":[0.06677172147],"iteration":113,"passed_time":24.57884656,"remaining_time":29.32213274},
{"learn":[0.06657588078],"iteration":114,"passed_time":24.78231233,"remaining_time":29.09227969},
{"learn":[0.06637371357],"iteration":115,"passed_time":24.98745511,"remaining_time":28.86481883},
{"learn":[0.0661443681],"iteration":116,"passed_time":25.21274261,"remaining_time":28.66063903},
{"learn":[0.06593596238],"iteration":117,"passed_time":25.42163432,"remaining_time":28.43776042},
{"learn":[0.06499261709],"iteration":118,"passed_time":25.62931687,"remaining_time":28.2137858},
{"learn":[0.06413699223],"iteration":119,"passed_time":25.83905525,"remaining_time":27.99230986},
{"learn":[0.06377900931],"iteration":120,"passed_time":26.05051825,"remaining_time":27.77286656},
{"learn":[0.06374359718],"iteration":121,"passed_time":26.27266817,"remaining_time":27.5647666},
{"learn":[0.06362882761],"iteration":122,"passed_time":26.48404776,"remaining_time":27.3453176},
{"learn":[0.06349646935],"iteration":123,"passed_time":26.69062666,"remaining_time":27.12112064},
{"learn":[0.06339962299],"iteration":124,"passed_time":26.90154381,"remaining_time":26.90154381},
{"learn":[0.06311470619],"iteration":125,"passed_time":27.11380341,"remaining_time":26.68342558},
{"learn":[0.06273556049],"iteration":126,"passed_time":27.32722151,"remaining_time":26.46652162},
{"learn":[0.06264607356],"iteration":127,"passed_time":27.53630508,"remaining_time":26.24554078},
{"learn":[0.06218103262],"iteration":128,"passed_time":27.74883499,"remaining_time":26.027977},
{"learn":[0.06205720168],"iteration":129,"passed_time":27.96813926,"remaining_time":25.81674393},
{"learn":[0.06197393564],"iteration":130,"passed_time":28.17847029,"remaining_time":25.59723637},
{"learn":[0.06188004714],"iteration":131,"passed_time":28.38948928,"remaining_time":25.37848284},
{"learn":[0.06176570012],"iteration":132,"passed_time":28.5967961,"remaining_time":25.15658003},
{"learn":[0.06144169734],"iteration":133,"passed_time":28.80202295,"remaining_time":24.93309449},
{"learn":[0.06121090229],"iteration":134,"passed_time":29.02102184,"remaining_time":24.72161119},
{"learn":[0.06106597314],"iteration":135,"passed_time":29.23881556,"remaining_time":24.50900716},
{"learn":[0.06018301157],"iteration":136,"passed_time":29.44541997,"remaining_time":24.28709822},
{"learn":[0.05999979459],"iteration":137,"passed_time":29.65250986,"remaining_time":24.0658051},
{"learn":[0.0598863455],"iteration":138,"passed_time":29.8611668,"remaining_time":23.84596773},
{"learn":[0.05981640155],"iteration":139,"passed_time":30.06809647,"remaining_time":23.62493294},
{"learn":[0.05972549438],"iteration":140,"passed_time":30.28638371,"remaining_time":23.41287819},
{"learn":[0.05957586435],"iteration":141,"passed_time":30.49629099,"remaining_time":23.19436216},
{"learn":[0.05928588867],"iteration":142,"passed_time":30.70634668,"remaining_time":22.97607759},
{"learn":[0.05855778621],"iteration":143,"passed_time":30.90991116,"remaining_time":22.75312905},
{"learn":[0.05822509766],"iteration":144,"passed_time":31.12164881,"remaining_time":22.53636638},
{"learn":[0.05818035419],"iteration":145,"passed_time":31.34653129,"remaining_time":22.32903599},
{"learn":[0.05801607572],"iteration":146,"passed_time":31.55188086,"remaining_time":22.10778047},
{"learn":[0.05782077496],"iteration":147,"passed_time":31.76042656,"remaining_time":21.88894263},
{"learn":[0.05765816322],"iteration":148,"passed_time":31.96792046,"remaining_time":21.66952998},
{"learn":[0.05759710459],"iteration":149,"passed_time":32.18564723,"remaining_time":21.45709815},
{"learn":[0.05744016207],"iteration":150,"passed_time":32.39623517,"remaining_time":21.23991577},
{"learn":[0.05728684059],"iteration":151,"passed_time":32.62345205,"remaining_time":21.03354145},
{"learn":[0.05716894296],"iteration":152,"passed_time":32.83638696,"remaining_time":20.8178401},
{"learn":[0.05683307354],"iteration":153,"passed_time":33.05388589,"remaining_time":20.60501978},
{"learn":[0.05665688148],"iteration":154,"passed_time":33.26663541,"remaining_time":20.38922816},
{"learn":[0.05642799964],"iteration":155,"passed_time":33.47726894,"remaining_time":20.17220052},
{"learn":[0.05638138991],"iteration":156,"passed_time":33.69342901,"remaining_time":19.95852801},
{"learn":[0.05576356154],"iteration":157,"passed_time":33.90506163,"remaining_time":19.74218779},
{"learn":[0.05571258545],"iteration":158,"passed_time":34.11727281,"remaining_time":19.5262379},
{"learn":[0.05534400353],"iteration":159,"passed_time":34.3407563,"remaining_time":19.31667542},
{"learn":[0.0545595844],"iteration":160,"passed_time":34.55131983,"remaining_time":19.09979792},
{"learn":[0.05439977206],"iteration":161,"passed_time":34.76125829,"remaining_time":18.88265883},
{"learn":[0.05412788391],"iteration":162,"passed_time":34.97302302,"remaining_time":18.66658284},
{"learn":[0.05391013512],"iteration":163,"passed_time":35.1828681,"remaining_time":18.44955278},
{"learn":[0.05381926316],"iteration":164,"passed_time":35.40361968,"remaining_time":18.23822832},
{"learn":[0.05377279428],"iteration":165,"passed_time":35.62047165,"remaining_time":18.02481698},
{"learn":[0.053680819],"iteration":166,"passed_time":35.8328334,"remaining_time":17.80913277},
{"learn":[0.05353536166],"iteration":167,"passed_time":36.0412714,"remaining_time":17.59157295},
{"learn":[0.05343617366],"iteration":168,"passed_time":36.24841018,"remaining_time":17.37349837},
{"learn":[0.05280745286],"iteration":169,"passed_time":36.46874781,"remaining_time":17.16176367},
{"learn":[0.05273689857],"iteration":170,"passed_time":36.6844177,"remaining_time":16.94777192},
{"learn":[0.05266853919],"iteration":171,"passed_time":36.8900273,"remaining_time":16.72919843},
{"learn":[0.05258334233],"iteration":172,"passed_time":37.09868675,"remaining_time":16.51213225},
{"learn":[0.05247298021],"iteration":173,"passed_time":37.3134841,"remaining_time":16.29784363},
{"learn":[0.05236091027],"iteration":174,"passed_time":37.5313488,"remaining_time":16.08486377},
{"learn":[0.05189530593],"iteration":175,"passed_time":37.74689864,"remaining_time":15.87085511},
{"learn":[0.051746521],"iteration":176,"passed_time":37.95299347,"remaining_time":15.65292951},
{"learn":[0.05162606459],"iteration":177,"passed_time":38.16499668,"remaining_time":15.43752675},
{"learn":[0.05136182932],"iteration":178,"passed_time":38.37695575,"remaining_time":15.22214446},
{"learn":[0.05126326928],"iteration":179,"passed_time":38.60262481,"remaining_time":15.01213187},
{"learn":[0.05072052002],"iteration":180,"passed_time":38.81230529,"remaining_time":14.79585119},
{"learn":[0.05008361816],"iteration":181,"passed_time":39.01743339,"remaining_time":14.57794215},
{"learn":[0.04994428194],"iteration":182,"passed_time":39.22957713,"remaining_time":14.36274135},
{"learn":[0.04970423772],"iteration":183,"passed_time":39.44384494,"remaining_time":14.14833569},
{"learn":[0.04870544434],"iteration":184,"passed_time":39.65467063,"remaining_time":13.93272211},
{"learn":[0.04855595515],"iteration":185,"passed_time":39.86023246,"remaining_time":13.7153488},
{"learn":[0.04759029095],"iteration":186,"passed_time":40.07139036,"remaining_time":13.49998713},
{"learn":[0.04742341849],"iteration":187,"passed_time":40.27887158,"remaining_time":13.28345765},
{"learn":[0.04708146902],"iteration":188,"passed_time":40.49106503,"remaining_time":13.0685448},
{"learn":[0.04699763665],"iteration":189,"passed_time":40.702209,"remaining_time":12.85332916},
{"learn":[0.04689566979],"iteration":190,"passed_time":40.90999051,"remaining_time":12.63711749},
{"learn":[0.04682152088],"iteration":191,"passed_time":41.11378959,"remaining_time":12.4197906},
{"learn":[0.04671625284],"iteration":192,"passed_time":41.3190464,"remaining_time":12.20303443},
{"learn":[0.04635952876],"iteration":193,"passed_time":41.53859298,"remaining_time":11.99052168},
{"learn":[0.04632585966],"iteration":194,"passed_time":41.75057989,"remaining_time":11.77580458},
{"learn":[0.04620939988],"iteration":195,"passed_time":41.95927079,"remaining_time":11.56020726},
{"learn":[0.04613369868],"iteration":196,"passed_time":42.16760997,"remaining_time":11.34458542},
{"learn":[0.04509397947],"iteration":197,"passed_time":42.37741912,"remaining_time":11.1294232},
{"learn":[0.04414609469],"iteration":198,"passed_time":42.59379675,"remaining_time":10.91599816},
{"learn":[0.04407307551],"iteration":199,"passed_time":42.81383629,"remaining_time":10.70345907},
{"learn":[0.04400512108],"iteration":200,"passed_time":43.19016002,"remaining_time":10.52894448},
{"learn":[0.0439693539],"iteration":201,"passed_time":43.53745258,"remaining_time":10.34553329},
{"learn":[0.04295829186],"iteration":202,"passed_time":43.75841794,"remaining_time":10.13125933},
{"learn":[0.04287636977],"iteration":203,"passed_time":44.11980291,"remaining_time":9.94858301},
{"learn":[0.04274754451],"iteration":204,"passed_time":44.52817695,"remaining_time":9.774477866},
{"learn":[0.04270024226],"iteration":205,"passed_time":44.73938315,"remaining_time":9.555984751},
{"learn":[0.04262382507],"iteration":206,"passed_time":44.94836037,"remaining_time":9.337099015},
{"learn":[0.04203116784],"iteration":207,"passed_time":45.44356643,"remaining_time":9.17610476},
{"learn":[0.04193602929],"iteration":208,"passed_time":45.66095449,"remaining_time":8.957412124},
{"learn":[0.0419025069],"iteration":209,"passed_time":45.87805806,"remaining_time":8.738677725},
{"learn":[0.04103446374],"iteration":210,"passed_time":46.16910204,"remaining_time":8.533625495},
{"learn":[0.04096248627],"iteration":211,"passed_time":46.5319442,"remaining_time":8.340631508},
{"learn":[0.04037918678],"iteration":212,"passed_time":46.92806584,"remaining_time":8.151823643},
{"learn":[0.04027076134],"iteration":213,"passed_time":47.35067918,"remaining_time":7.965534816},
{"learn":[0.04000219492],"iteration":214,"passed_time":47.70955895,"remaining_time":7.766672388},
{"learn":[0.03990572416],"iteration":215,"passed_time":48.1017039,"remaining_time":7.571564502},
{"learn":[0.03932902409],"iteration":216,"passed_time":48.7110064,"remaining_time":7.407664568},
{"learn":[0.03925893637],"iteration":217,"passed_time":49.05496246,"remaining_time":7.200728435},
{"learn":[0.03918772184],"iteration":218,"passed_time":49.38104932,"remaining_time":6.990011548},
{"learn":[0.0390891706],"iteration":219,"passed_time":49.58923685,"remaining_time":6.762168662},
{"learn":[0.03899107126],"iteration":220,"passed_time":49.80648746,"remaining_time":6.535692925},
{"learn":[0.03890613262],"iteration":221,"passed_time":50.00815051,"remaining_time":6.307334299},
{"learn":[0.03883048424],"iteration":222,"passed_time":50.21329518,"remaining_time":6.079636636},
{"learn":[0.03864911006],"iteration":223,"passed_time":50.4238904,"remaining_time":5.852772993},
{"learn":[0.03853991582],"iteration":224,"passed_time":50.65250765,"remaining_time":5.628056406},
{"learn":[0.03806774139],"iteration":225,"passed_time":50.9099176,"remaining_time":5.406362931},
{"learn":[0.03801559448],"iteration":226,"passed_time":51.29066567,"remaining_time":5.196851588},
{"learn":[0.03797919347],"iteration":227,"passed_time":51.63622028,"remaining_time":4.982442308},
{"learn":[0.03787384914],"iteration":228,"passed_time":51.86110365,"remaining_time":4.755821732},
{"learn":[0.03719900278],"iteration":229,"passed_time":52.07165673,"remaining_time":4.52797015},
{"learn":[0.03681184622],"iteration":230,"passed_time":52.27642664,"remaining_time":4.299792668},
{"learn":[0.03665365953],"iteration":231,"passed_time":52.48294146,"remaining_time":4.071952355},
{"learn":[0.03638701219],"iteration":232,"passed_time":52.69466708,"remaining_time":3.84467528},
{"learn":[0.0360264382],"iteration":233,"passed_time":52.9120239,"remaining_time":3.617916164},
{"learn":[0.0359911141],"iteration":234,"passed_time":53.12149306,"remaining_time":3.3907336},
{"learn":[0.03592805129],"iteration":235,"passed_time":53.32624303,"remaining_time":3.163421197},
{"learn":[0.03585739723],"iteration":236,"passed_time":53.54570282,"remaining_time":2.937106062},
{"learn":[0.03579403804],"iteration":237,"passed_time":53.7677536,"remaining_time":2.710979173},
{"learn":[0.03562981826],"iteration":238,"passed_time":53.97153296,"remaining_time":2.48404545},
{"learn":[0.03508848044],"iteration":239,"passed_time":54.17883492,"remaining_time":2.257451455},
{"learn":[0.03489956196],"iteration":240,"passed_time":54.38488853,"remaining_time":2.030970941},
{"learn":[0.0348311615],"iteration":241,"passed_time":54.58839149,"remaining_time":1.804574925},
{"learn":[0.03443483206],"iteration":242,"passed_time":54.8071545,"remaining_time":1.57880692},
{"learn":[0.03437589792],"iteration":243,"passed_time":55.01441195,"remaining_time":1.352813409},
{"learn":[0.03430836604],"iteration":244,"passed_time":55.21937212,"remaining_time":1.126925962},
{"learn":[0.03392684937],"iteration":245,"passed_time":55.42858213,"remaining_time":0.9012777582},
{"learn":[0.03389633766],"iteration":246,"passed_time":55.63799341,"remaining_time":0.6757651022},
{"learn":[0.03381962703],"iteration":247,"passed_time":55.85103533,"remaining_time":0.4504115753},
{"learn":[0.03376613324],"iteration":248,"passed_time":56.05840211,"remaining_time":0.225134145},
{"learn":[0.03358789297],"iteration":249,"passed_time":56.26705184,"remaining_time":0}
]}