{
"meta":{"test_sets":[],"test_metrics":[],"learn_metrics":[{"best_value":"Min","name":"Logloss"}],"launch_mode":"Train","parameters":"","iteration_count":250,"learn_sets":["learn"],"name":"experiment"},
"iterations":[
{"learn":[0.5549569552],"iteration":0,"passed_time":0.4454948437,"remaining_time":110.9282161},
{"learn":[0.4547299339],"iteration":1,"passed_time":0.8171429663,"remaining_time":101.3257278},
{"learn":[0.3832355581],"iteration":2,"passed_time":1.175579732,"remaining_time":96.78939797},
{"learn":[0.3273631535],"iteration":3,"passed_time":1.548795118,"remaining_time":95.25089973},
{"learn":[0.2902721537],"iteration":4,"passed_time":1.91758134,"remaining_time":93.96148565},
{"learn":[0.2554958216],"iteration":5,"passed_time":2.286271168,"remaining_time":92.97502749},
{"learn":[0.2392273734],"iteration":6,"passed_time":2.666474314,"remaining_time":92.56475118},
{"learn":[0.2184774207],"iteration":7,"passed_time":3.033448834,"remaining_time":91.76182723},
{"learn":[0.2031189305],"iteration":8,"passed_time":3.398791678,"remaining_time":91.01208827},
{"learn":[0.1934580812],"iteration":9,"passed_time":3.779634148,"remaining_time":90.71121956},
{"learn":[0.1833663334],"iteration":10,"passed_time":4.152256053,"remaining_time":90.21719969},
{"learn":[0.1764826803],"iteration":11,"passed_time":4.529709517,"remaining_time":89.83923875},
{"learn":[0.1720398123],"iteration":12,"passed_time":4.893216836,"remaining_time":89.20710694},
{"learn":[0.1654067992],"iteration":13,"passed_time":5.264896216,"remaining_time":88.75110763},
{"learn":[0.1622125417],"iteration":14,"passed_time":5.642510221,"remaining_time":88.39932679},
{"learn":[0.1576521068],"iteration":15,"passed_time":6.028676402,"remaining_time":88.16939239},
{"learn":[0.1565049156],"iteration":16,"passed_time":6.396118409,"remaining_time":87.66444643},
{"learn":[0.155200667],"iteration":17,"passed_time":6.769187747,"remaining_time":87.24730874},
{"learn":[0.1528704247],"iteration":18,"passed_time":7.132446803,"remaining_time":86.71553744},
{"learn":[0.1504334972],"iteration":19,"passed_time":7.497401835,"remaining_time":86.2201211},
{"learn":[0.1489196106],"iteration":20,"passed_time":7.873276408,"remaining_time":85.85620464},
{"learn":[0.1473883862],"iteration":21,"passed_time":8.244918359,"remaining_time":85.44733572},
{"learn":[0.1465355297],"iteration":22,"passed_time":8.620249344,"remaining_time":85.07811309},
{"learn":[0.1452658832],"iteration":23,"passed_time":9.006297761,"remaining_time":84.80930391},
{"learn":[0.143886458],"iteration":24,"passed_time":9.371065876,"remaining_time":84.33959288},
{"learn":[0.1422396621],"iteration":25,"passed_time":9.739213613,"remaining_time":83.90707113},
{"learn":[0.1412521601],"iteration":26,"passed_time":10.09664936,"remaining_time":83.39084467},
{"learn":[0.1399881494],"iteration":27,"passed_time":10.46050863,"remaining_time":82.93688987},
{"learn":[0.1393317326],"iteration":28,"passed_time":10.83632569,"remaining_time":82.58027505},
{"learn":[0.1389312998],"iteration":29,"passed_time":11.19549583,"remaining_time":82.10030275},
{"learn":[0.1382974661],"iteration":30,"passed_time":11.56311487,"remaining_time":81.68781152},
{"learn":[0.1375508507],"iteration":31,"passed_time":11.93310058,"remaining_time":81.29424771},
{"learn":[0.1367732259],"iteration":32,"passed_time":12.30671242,"remaining_time":80.92595745},
{"learn":[0.1364123305],"iteration":33,"passed_time":12.67630499,"remaining_time":80.53181992},
{"learn":[0.1358633721],"iteration":34,"passed_time":13.05430729,"remaining_time":80.19074478},
{"learn":[0.1353004912],"iteration":35,"passed_time":13.40842384,"remaining_time":79.70563059},
{"learn":[0.1348373395],"iteration":36,"passed_time":13.77784466,"remaining_time":79.31570034},
{"learn":[0.1332920899],"iteration":37,"passed_time":14.14342873,"remaining_time":78.9054445},
{"learn":[0.1329845135],"iteration":38,"passed_time":14.50542617,"remaining_time":78.47807493},
{"learn":[0.1323551688],"iteration":39,"passed_time":14.87430493,"remaining_time":78.09010087},
{"learn":[0.1319583869],"iteration":40,"passed_time":15.23646033,"remaining_time":77.66878557},
{"learn":[0.1316149377],"iteration":41,"passed_time":15.60182123,"remaining_time":77.26616229},
{"learn":[0.1310052013],"iteration":42,"passed_time":15.9756068,"remaining_time":76.90582808},
{"learn":[0.1307415301],"iteration":43,"passed_time":16.33995188,"remaining_time":76.50068379},
{"learn":[0.1296314084],"iteration":44,"passed_time":16.70356048,"remaining_time":76.09399776},
{"learn":[0.1291841869],"iteration":45,"passed_time":17.07319596,"remaining_time":75.71591251},
{"learn":[0.1288927469],"iteration":46,"passed_time":17.43336601,"remaining_time":75.29730425},
{"learn":[0.1284247456],"iteration":47,"passed_time":17.80231727,"remaining_time":74.91808519},
{"learn":[0.1281325437],"iteration":48,"passed_time":18.17440349,"remaining_time":74.55214493},
{"learn":[0.1275521616],"iteration":49,"passed_time":18.55207735,"remaining_time":74.2083094},
{"learn":[0.1271138078],"iteration":50,"passed_time":18.938194,"remaining_time":73.89609031},
{"learn":[0.1265739364],"iteration":51,"passed_time":19.33005238,"remaining_time":73.60289174},
{"learn":[0.1263486451],"iteration":52,"passed_time":19.73045199,"remaining_time":73.33771778},
{"learn":[0.126137458],"iteration":53,"passed_time":20.10814683,"remaining_time":72.98512554},
{"learn":[0.1255076998],"iteration":54,"passed_time":20.47569723,"remaining_time":72.59565383},
{"learn":[0.1252306753],"iteration":55,"passed_time":20.83769703,"remaining_time":72.18773614},
{"learn":[0.1248872012],"iteration":56,"passed_time":21.21292496,"remaining_time":71.8262196},
{"learn":[0.1243808445],"iteration":57,"passed_time":21.57685861,"remaining_time":71.42684229},
{"learn":[0.1239452323],"iteration":58,"passed_time":21.96297599,"remaining_time":71.10048159},
{"learn":[0.1235296665],"iteration":59,"passed_time":22.32729114,"remaining_time":70.70308861},
{"learn":[0.123317299],"iteration":60,"passed_time":22.68479376,"remaining_time":70.28567248},
{"learn":[0.1228279014],"iteration":61,"passed_time":23.05595189,"remaining_time":69.91159605},
{"learn":[0.1224906538],"iteration":62,"passed_time":23.41397323,"remaining_time":69.49861895},
{"learn":[0.1221449464],"iteration":63,"passed_time":23.77552012,"remaining_time":69.09760534},
{"learn":[0.1217453468],"iteration":64,"passed_time":24.14591765,"remaining_time":68.72299639},
{"learn":[0.1215394377],"iteration":65,"passed_time":24.5067081,"remaining_time":68.32173168},
{"learn":[0.1211774213],"iteration":66,"passed_time":24.87349024,"remaining_time":67.9380405},
{"learn":[0.1205081767],"iteration":67,"passed_time":25.25680964,"remaining_time":67.59910815},
{"learn":[0.1201725883],"iteration":68,"passed_time":25.63706229,"remaining_time":67.25084456},
{"learn":[0.1200729788],"iteration":69,"passed_time":25.99391244,"remaining_time":66.84148914},
{"learn":[0.1196947993],"iteration":70,"passed_time":26.37008952,"remaining_time":66.48233837},
{"learn":[0.1193914788],"iteration":71,"passed_time":26.73468098,"remaining_time":66.09407242},
{"learn":[0.1191173671],"iteration":72,"passed_time":27.09754705,"remaining_time":65.70227161},
{"learn":[0.1181134626],"iteration":73,"passed_time":27.46323578,"remaining_time":65.31796618},
{"learn":[0.1176421147],"iteration":74,"passed_time":27.82320009,"remaining_time":64.92080021},
{"learn":[0.1170792816],"iteration":75,"passed_time":28.1941411,"remaining_time":64.5497441},
{"learn":[0.1169557111],"iteration":76,"passed_time":28.55636436,"remaining_time":64.15910433},
{"learn":[0.1164936835],"iteration":77,"passed_time":28.91866726,"remaining_time":63.76936884},
{"learn":[0.1161270884],"iteration":78,"passed_time":29.29193686,"remaining_time":63.40406586},
{"learn":[0.1158073861],"iteration":79,"passed_time":29.6697761,"remaining_time":63.04827422},
{"learn":[0.1155169836],"iteration":80,"passed_time":30.05979289,"remaining_time":62.71734566},
{"learn":[0.1153105505],"iteration":81,"passed_time":30.44815492,"remaining_time":62.38158568},
{"learn":[0.1150601177],"iteration":82,"passed_time":30.81895209,"remaining_time":62.00921685},
{"learn":[0.114681034],"iteration":83,"passed_time":31.19136892,"remaining_time":61.64008619},
{"learn":[0.1145463353],"iteration":84,"passed_time":31.55441622,"remaining_time":61.2526903},
{"learn":[0.1143081668],"iteration":85,"passed_time":31.92290078,"remaining_time":60.8762294},
{"learn":[0.1140346891],"iteration":86,"passed_time":32.2992272,"remaining_time":60.51464406},
{"learn":[0.1133060134],"iteration":87,"passed_time":32.67458114,"remaining_time":60.15093345},
{"learn":[0.112712011],"iteration":88,"passed_time":33.04526193,"remaining_time":59.77850753},
{"learn":[0.1122455152],"iteration":89,"passed_time":33.42577712,"remaining_time":59.42360377},
{"learn":[0.1117840216],"iteration":90,"passed_time":33.80007202,"remaining_time":59.0572687},
{"learn":[0.1113178595],"iteration":91,"passed_time":34.16663161,"remaining_time":58.67747603},
{"learn":[0.1108131231],"iteration":92,"passed_time":34.54564509,"remaining_time":58.31899225},
{"learn":[0.1103424612],"iteration":93,"passed_time":34.91195356,"remaining_time":57.93898677},
{"learn":[0.1101043695],"iteration":94,"passed_time":35.27561129,"remaining_time":57.55494473},
{"learn":[0.1097474037],"iteration":95,"passed_time":35.64590418,"remaining_time":57.18197128},
{"learn":[0.1093669318],"iteration":96,"passed_time":36.00909384,"remaining_time":56.79784905},
{"learn":[0.1086280616],"iteration":97,"passed_time":36.39011118,"remaining_time":56.4418051},
{"learn":[0.1085346426],"iteration":98,"passed_time":36.74706057,"remaining_time":56.04854693},
{"learn":[0.1079068149],"iteration":99,"passed_time":37.11507665,"remaining_time":55.67261498},
{"learn":[0.1077188874],"iteration":100,"passed_time":37.48504972,"remaining_time":55.29972681},
{"learn":[0.1071996114],"iteration":101,"passed_time":37.85856608,"remaining_time":54.93203706},
{"learn":[0.1069893009],"iteration":102,"passed_time":38.21937899,"remaining_time":54.546104},
{"learn":[0.1067306601],"iteration":103,"passed_time":38.59513483,"remaining_time":54.18163159},
{"learn":[0.1063470048],"iteration":104,"passed_time":38.96307206,"remaining_time":53.80614712},
{"learn":[0.1061719278],"iteration":105,"passed_time":39.32128466,"remaining_time":53.41759426},
{"learn":[0.1059067177],"iteration":106,"passed_time":39.70024901,"remaining_time":53.05734213},
{"learn":[0.1054285334],"iteration":107,"passed_time":40.07246792,"remaining_time":52.68787449},
{"learn":[0.1049002176],"iteration":108,"passed_time":40.46421577,"remaining_time":52.34361856},
{"learn":[0.1043586036],"iteration":109,"passed_time":40.84252174,"remaining_time":51.9813913},
{"learn":[0.1042373832],"iteration":110,"passed_time":41.20971176,"remaining_time":51.60495436},
{"learn":[0.1039191812],"iteration":111,"passed_time":41.58739633,"remaining_time":51.24161334},
{"learn":[0.103473818],"iteration":112,"passed_time":41.95602843,"remaining_time":50.86704332},
{"learn":[0.103260715],"iteration":113,"passed_time":42.31724612,"remaining_time":50.48373221},
{"learn":[0.1024591624],"iteration":114,"passed_time":42.70090816,"remaining_time":50.12715306},
{"learn":[0.1021925767],"iteration":115,"passed_time":43.06034258,"remaining_time":49.74211987},
{"learn":[0.102025773],"iteration":116,"passed_time":43.42511588,"remaining_time":49.36359327},
{"learn":[0.1018566898],"iteration":117,"passed_time":43.79668842,"remaining_time":48.99290569},
{"learn":[0.1017565372],"iteration":118,"passed_time":44.16940996,"remaining_time":48.6234681},
{"learn":[0.1013476661],"iteration":119,"passed_time":44.54649094,"remaining_time":48.25869852},
{"learn":[0.1012643474],"iteration":120,"passed_time":44.9312976,"remaining_time":47.9019619},
{"learn":[0.1007949882],"iteration":121,"passed_time":45.30831169,"remaining_time":47.53658932},
{"learn":[0.1005267073],"iteration":122,"passed_time":45.69079327,"remaining_time":47.17667272},
{"learn":[0.1001892547],"iteration":123,"passed_time":46.05863018,"remaining_time":46.80151131},
{"learn":[0.09998591644],"iteration":124,"passed_time":46.42477697,"remaining_time":46.42477697},
{"learn":[0.09982482156],"iteration":125,"passed_time":46.80502874,"remaining_time":46.06209177},
{"learn":[0.09918805278],"iteration":126,"passed_time":47.18000168,"remaining_time":45.69401738},
{"learn":[0.09903355701],"iteration":127,"passed_time":47.54043672,"remaining_time":45.31197875},
{"learn":[0.09876141893],"iteration":128,"passed_time":47.91215564,"remaining_time":44.94085916},
{"learn":[0.09839566668],"iteration":129,"passed_time":48.28638832,"remaining_time":44.57205076},
{"learn":[0.0982537509],"iteration":130,"passed_time":48.65061498,"remaining_time":44.19407009},
{"learn":[0.09788031173],"iteration":131,"passed_time":49.02249753,"remaining_time":43.82314173},
{"learn":[0.09768549138],"iteration":132,"passed_time":49.3856768,"remaining_time":43.44454275},
{"learn":[0.09755118973],"iteration":133,"passed_time":49.7550054,"remaining_time":43.07149721},
{"learn":[0.0971788677],"iteration":134,"passed_time":50.15526413,"remaining_time":42.72485463},
{"learn":[0.09703823422],"iteration":135,"passed_time":50.54018595,"remaining_time":42.36456763},
{"learn":[0.0969606917],"iteration":136,"passed_time":50.93613818,"remaining_time":42.01301908},
{"learn":[0.0967173221],"iteration":137,"passed_time":51.30220315,"remaining_time":41.63657067},
{"learn":[0.09664639566],"iteration":138,"passed_time":51.66379399,"remaining_time":41.2566988},
{"learn":[0.0965457921],"iteration":139,"passed_time":52.03086276,"remaining_time":40.88139217},
{"learn":[0.09636721764],"iteration":140,"passed_time":52.3969158,"remaining_time":40.50541718},
{"learn":[0.0960855935],"iteration":141,"passed_time":52.77824068,"remaining_time":40.14119714},
{"learn":[0.09592386472],"iteration":142,"passed_time":53.1411908,"remaining_time":39.76298892},
{"learn":[0.09522294922],"iteration":143,"passed_time":53.50725209,"remaining_time":39.38728279},
{"learn":[0.09512251028],"iteration":144,"passed_time":53.87771475,"remaining_time":39.01489688},
{"learn":[0.09484130194],"iteration":145,"passed_time":54.23932985,"remaining_time":38.63623496},
{"learn":[0.09461443098],"iteration":146,"passed_time":54.60981027,"remaining_time":38.26401672},
{"learn":[0.09392313459],"iteration":147,"passed_time":54.98674279,"remaining_time":37.89626868},
{"learn":[0.09370570277],"iteration":148,"passed_time":55.34321403,"remaining_time":37.51452763},
{"learn":[0.09365798706],"iteration":149,"passed_time":55.70210885,"remaining_time":37.13473923},
{"learn":[0.09337803242],"iteration":150,"passed_time":56.07691461,"remaining_time":36.76565925},
{"learn":[0.09314404069],"iteration":151,"passed_time":56.43704938,"remaining_time":36.38704499},
{"learn":[0.09308180093],"iteration":152,"passed_time":56.80513718,"remaining_time":36.01371442},
{"learn":[0.09303879743],"iteration":153,"passed_time":57.17217485,"remaining_time":35.63979731},
{"learn":[0.09268073701],"iteration":154,"passed_time":57.54282693,"remaining_time":35.26818425},
{"learn":[0.09251272003],"iteration":155,"passed_time":57.91334312,"remaining_time":34.89650163},
{"learn":[0.09231577438],"iteration":156,"passed_time":58.27620277,"remaining_time":34.52029846},
{"learn":[0.0921834059],"iteration":157,"passed_time":58.63605944,"remaining_time":34.14251562},
{"learn":[0.09198702701],"iteration":158,"passed_time":59.0058327,"remaining_time":33.77063381},
{"learn":[0.09187811902],"iteration":159,"passed_time":59.36973801,"remaining_time":33.39547763},
{"learn":[0.09176129412],"iteration":160,"passed_time":59.74060136,"remaining_time":33.02430758},
{"learn":[0.09160550603],"iteration":161,"passed_time":60.11408736,"remaining_time":32.65456597},
{"learn":[0.09147045435],"iteration":162,"passed_time":60.48549862,"remaining_time":32.28367104},
{"learn":[0.09109155438],"iteration":163,"passed_time":60.8548466,"remaining_time":31.91168785},
{"learn":[0.09097203188],"iteration":164,"passed_time":61.22989834,"remaining_time":31.5426749},
{"learn":[0.0907522165],"iteration":165,"passed_time":61.61407682,"remaining_time":31.17820755},
{"learn":[0.09067779063],"iteration":166,"passed_time":61.97205238,"remaining_time":30.80048112},
{"learn":[0.09059470703],"iteration":167,"passed_time":62.36164244,"remaining_time":30.43842072},
{"learn":[0.09026626777],"iteration":168,"passed_time":62.74622779,"remaining_time":30.07363581},
{"learn":[0.08998121376],"iteration":169,"passed_time":63.11447353,"remaining_time":29.70092872},
{"learn":[0.08939048356],"iteration":170,"passed_time":63.4880039,"remaining_time":29.33071525},
{"learn":[0.08919047899],"iteration":171,"passed_time":63.85199143,"remaining_time":28.95613565},
{"learn":[0.08893540458],"iteration":172,"passed_time":64.22095528,"remaining_time":28.58389339},
{"learn":[0.08860198937],"iteration":173,"passed_time":64.58120895,"remaining_time":28.20788437},
{"learn":[0.08823493855],"iteration":174,"passed_time":64.95296006,"remaining_time":27.83698288},
{"learn":[0.08808145373],"iteration":175,"passed_time":65.32966624,"remaining_time":27.46815512},
{"learn":[0.08794021129],"iteration":176,"passed_time":65.68580224,"remaining_time":27.0907546},
{"learn":[0.08776199902],"iteration":177,"passed_time":66.04556563,"remaining_time":26.71506025},
{"learn":[0.08741741304],"iteration":178,"passed_time":66.42000609,"remaining_time":26.34536554},
{"learn":[0.08693821292],"iteration":179,"passed_time":66.78630529,"remaining_time":25.97245206},
{"learn":[0.08687196955],"iteration":180,"passed_time":67.15581926,"remaining_time":25.60083718},
{"learn":[0.08646034327],"iteration":181,"passed_time":67.52470733,"remaining_time":25.22901153},
{"learn":[0.08624033281],"iteration":182,"passed_time":67.89862402,"remaining_time":24.85905907},
{"learn":[0.08613374652],"iteration":183,"passed_time":68.27843333,"remaining_time":24.49117717},
{"learn":[0.08592049596],"iteration":184,"passed_time":68.65048874,"remaining_time":24.12044199},
{"learn":[0.08561840464],"iteration":185,"passed_time":69.01946728,"remaining_time":23.7486339},
{"learn":[0.08554524343],"iteration":186,"passed_time":69.39732299,"remaining_time":23.37984678},
{"learn":[0.08549396661],"iteration":187,"passed_time":69.76796546,"remaining_time":23.00858435},
{"learn":[0.08534015254],"iteration":188,"passed_time":70.12611183,"remaining_time":22.63329535},
{"learn":[0.08521130045],"iteration":189,"passed_time":70.49901935,"remaining_time":22.26284822},
{"learn":[0.08513053767],"iteration":190,"passed_time":70.86314649,"remaining_time":21.88966305},
{"learn":[0.08508802982],"iteration":191,"passed_time":71.23349906,"remaining_time":21.51845284},
{"learn":[0.08481266732],"iteration":192,"passed_time":71.60276152,"remaining_time":21.14692957},
{"learn":[0.08456221794],"iteration":193,"passed_time":71.96899213,"remaining_time":20.77455443},
{"learn":[0.08400609309],"iteration":194,"passed_time":72.35917846,"remaining_time":20.40899905},
{"learn":[0.08389478681],"iteration":195,"passed_time":72.73256662,"remaining_time":20.03856427},
{"learn":[0.08383118203],"iteration":196,"passed_time":73.10027653,"remaining_time":19.66657186},
{"learn":[0.0836772619],"iteration":197,"passed_time":73.47110826,"remaining_time":19.29544257},
{"learn":[0.08333578477],"iteration":198,"passed_time":73.83977063,"remaining_time":18.92376031},
{"learn":[0.0832434539],"iteration":199,"passed_time":74.2007398,"remaining_time":18.55018495},
{"learn":[0.08284819242],"iteration":200,"passed_time":74.57832759,"remaining_time":18.18078633},
{"learn":[0.08276635702],"iteration":201,"passed_time":74.94172224,"remaining_time":17.807934},
{"learn":[0.08255386938],"iteration":202,"passed_time":75.30223292,"remaining_time":17.43450713},
{"learn":[0.08225749045],"iteration":203,"passed_time":75.68774304,"remaining_time":17.06684402},
{"learn":[0.082158539],"iteration":204,"passed_time":76.04739895,"remaining_time":16.69333148},
{"learn":[0.08200055485],"iteration":205,"passed_time":76.41506698,"remaining_time":16.32166479},
{"learn":[0.08183117608],"iteration":206,"passed_time":76.78279528,"remaining_time":15.95004926},
{"learn":[0.08175783454],"iteration":207,"passed_time":77.14498194,"remaining_time":15.57735212},
{"learn":[0.08166977943],"iteration":208,"passed_time":77.51383301,"remaining_time":15.20606294},
{"learn":[0.0815662486],"iteration":209,"passed_time":77.89182524,"remaining_time":14.83653814},
{"learn":[0.08147667112],"iteration":210,"passed_time":78.25845816,"remaining_time":14.4648335},
{"learn":[0.08134518777],"iteration":211,"passed_time":78.62501591,"remaining_time":14.09316323},
{"learn":[0.08097458737],"iteration":212,"passed_time":78.99078522,"remaining_time":13.72140401},
{"learn":[0.08079241335],"iteration":213,"passed_time":79.35872648,"remaining_time":13.35006614},
{"learn":[0.08063870292],"iteration":214,"passed_time":79.72937215,"remaining_time":12.97920012},
{"learn":[0.08040901858],"iteration":215,"passed_time":80.09194289,"remaining_time":12.60706508},
{"learn":[0.08035125519],"iteration":216,"passed_time":80.5059215,"remaining_time":12.24283599},
{"learn":[0.08027735193],"iteration":217,"passed_time":80.89016227,"remaining_time":11.87378529},
{"learn":[0.08012834556],"iteration":218,"passed_time":81.26886533,"remaining_time":11.50381199},
{"learn":[0.07992903354],"iteration":219,"passed_time":81.64816902,"remaining_time":11.13384123},
{"learn":[0.07977978646],"iteration":220,"passed_time":82.01659219,"remaining_time":10.76235825},
{"learn":[0.07962140379],"iteration":221,"passed_time":82.38263937,"remaining_time":10.39060316},
{"learn":[0.07955378806],"iteration":222,"passed_time":82.76770244,"remaining_time":10.02120164},
{"learn":[0.07943751068],"iteration":223,"passed_time":83.15732233,"remaining_time":9.652189199},
{"learn":[0.07910778171],"iteration":224,"passed_time":83.53441867,"remaining_time":9.281602075},
{"learn":[0.07877670666],"iteration":225,"passed_time":83.90359856,"remaining_time":8.910116661},
{"learn":[0.0787110792],"iteration":226,"passed_time":84.26537234,"remaining_time":8.537901163},
{"learn":[0.07845264279],"iteration":227,"passed_time":84.64208201,"remaining_time":8.167218439},
{"learn":[0.07835441159],"iteration":228,"passed_time":85.00711711,"remaining_time":7.795412486},
{"learn":[0.07829789206],"iteration":229,"passed_time":85.37631559,"remaining_time":7.424027443},
{"learn":[0.07820966061],"iteration":230,"passed_time":85.74304463,"remaining_time":7.052458217},
{"learn":[0.07797408089],"iteration":231,"passed_time":86.10711402,"remaining_time":6.680724363},
{"learn":[0.07790079616],"iteration":232,"passed_time":86.47130652,"remaining_time":6.309065283},
{"learn":[0.0775951921],"iteration":233,"passed_time":86.85978157,"remaining_time":5.939130363},
{"learn":[0.0775224593],"iteration":234,"passed_time":87.22646854,"remaining_time":5.567646928},
{"learn":[0.0773422741],"iteration":235,"passed_time":87.59039103,"remaining_time":5.196040146},
{"learn":[0.07722547],"iteration":236,"passed_time":87.96512483,"remaining_time":4.825091235},
{"learn":[0.07711668214],"iteration":237,"passed_time":88.33654131,"remaining_time":4.45394326},
{"learn":[0.07702721053],"iteration":238,"passed_time":88.71116119,"remaining_time":4.082940473},
{"learn":[0.0769663904],"iteration":239,"passed_time":89.07610183,"remaining_time":3.711504243},
{"learn":[0.0768835124],"iteration":240,"passed_time":89.44422405,"remaining_time":3.340240732},
{"learn":[0.0767008449],"iteration":241,"passed_time":89.84360233,"remaining_time":2.970036441},
{"learn":[0.07665264175],"iteration":242,"passed_time":90.21109442,"remaining_time":2.598673502},
{"learn":[0.07613529721],"iteration":243,"passed_time":90.60209072,"remaining_time":2.227920264},
{"learn":[0.07607101472],"iteration":244,"passed_time":90.96678642,"remaining_time":1.856465029},
{"learn":[0.07598060501],"iteration":245,"passed_time":91.32657923,"remaining_time":1.484985028},
{"learn":[0.07581070052],"iteration":246,"passed_time":91.68594682,"remaining_time":1.113594496},
{"learn":[0.07576788191],"iteration":247,"passed_time":92.05942769,"remaining_time":0.7424147395},
{"learn":[0.07568314375],"iteration":248,"passed_time":92.42756671,"remaining_time":0.371195047},
{"learn":[0.07533057073],"iteration":249,"passed_time":92.80681425,"remaining_time":0}
]}